"Processo","Titular","Localidade","Guia","Substancia","QuantidadeMinerio","DataPublicacao","Prazo","IndicaProrrogacao"
"804.365/1975","CLEVELAND PREMIER MINERAÇÃO LTDA","CRIXÁS/GO","2","MINÉRIO DE OURO","50.000 toneladas","30/05/2014","20/12/2014","Não"
"804.365/1975","CLEVELAND PREMIER MINERAÇÃO LTDA","CRIXÁS/GO","1","MINÉRIO DE OURO","50.000 toneladas","14/04/2015","10/09/2015","Não"
"860.598/1986","CABECAL- CALCÁRIO DE CABECEIRAS MINERAÇÃO LTDA.","CABECEIRAS/GO","64","calcário dolomítico","20000 t","19/01/2010","19/12/2010","Não"
"830.809/1987","PAULO MOISÉS DE SOUSA E CIA LTDA","COROMANDEL/MG, CATALÃO/GO","153","Diamante (beneficiado)","720 ct/ano","29/08/2018","16/02/2020","Não"
"830.809/1987","PAULO MOISES DE SOUSA E CIA LTDA","COROMANDEL/MG, CATALÃO/GO","468","DIAMANTE (MINÉRIO PRIMÁRIO) (uso: Industrial)","50.000 toneladas/ano com teor de 0,0368ct/t  de DIAMANTE","14/10/2024","3 anos","Não"
"830.810/1987","PAULO MOISÉS DE SOUSA E CIA LTDA","COROMANDEL/MG, CATALÃO/GO","152","Diamante (beneficiado)","575 ct/ano","29/08/2018","12/02/2020","Não"
"861.154/1993","TRITON ENERGIA LTDA","ARENÓPOLIS/GO, IPORÁ/GO","29","AREIA","50.000 toneladas","29/06/2012","15/02/2013","Não"
"860.312/1994","MB CAPITAL TRANSPORTE DE AREIA LTDA","SANTA RITA DO NOVO DESTINO/GO, HIDROLINA/GO","55","areia","10000 t","19/01/2010","05/06/2010","Não"
"830.553/1996","JOAQUIM MENEZES RIBEIRO DA SILVA EPP","ARAGUARI/MG, ANHANGUERA/GO","217","Areia","50.000 toneladas","17/10/2011","02/12/2014","Não"
"830.553/1996","AREIA MENEZES LTDA ME","CUMARI/GO, ARAGUARI/MG","113","Areia (agregado)","50.000 toneladas/ano","07/10/2015","27/01/2019","Não"
"833.696/1996","JOAQUIM MENEZES RIBEIRO DA SILVA EPP","ARAGUARI/MG, ANHANGUERA/GO","100","Areia","50.000 Toneladas/ano","12/06/2012","21/12/2015","Não"
"831.924/1997","AREIA MENEZES LTDA ME","ARAGUARI/MG, CORUMBAÍBA/GO","317","AREIA, CASCALHO e DIAMANTE INDUSTRIAL","50.000 t/ano","28/09/2021","36 meses","Não"
"831.924/1997","JOAQUIM MENEZES RIBEIRO DA SILVA EPP","ARAGUARI/MG, CORUMBAÍBA/GO","4","Areia","50.000 toneladas/ano","01/02/2013","13/09/2016","Não"
"831.925/1997","JOAQUIM MENEZES RIBEIRO DA SILVA EPP","ARAGUARI/MG, CORUMBAÍBA/GO","5","Areia","50.000 toneladas/ano","01/02/2013","11/09/2016","Não"
"831.925/1997","AREAL PARANAIBA LTDA","ARAGUARI/MG, CORUMBAÍBA/GO","253","Areia (construção civil)","50.000 t/ano","15/08/2023","36 meses","Não"
"830.609/1998","JOAQUIM MENEZES RIBEIRO DA SILVA EPP","ARAGUARI/MG, ANHANGUERA/GO","218","Areia","50.000 toneladas","17/10/2011","02/12/2014","Não"
"830.609/1998","AREIA MENEZES LTDA ME","CUMARI/GO, ARAGUARI/MG","25","Areia (agregado)","50.000 toneladas/ano","23/03/2015","27/01/2019","Não"
"830.922/1998","JOAQUIM MENEZES RIBEIRO DA SILVA EPP","ARAGUARI/MG, ANHANGUERA/GO","99","Areia","50.000 toneladas/ano","09/05/2012","08/02/2016","Não"
"860.557/1998","BATISTA E ASSIS LTDA","CRISTALINA/GO","60","AREIA","50.000 toneladas","08/12/2015","03/11/2016","Não"
"860.557/1998","BATISTA E ASSIS LTDA","CRISTALINA/GO","120","Areia","25.000 toneladas","22/12/2011","23/03/2012","Não"
"860.557/1998","BATISTA E ASSIS LTDA","CRISTALINA/GO","45","Areia","14.650 toneladas","21/09/2012","02/10/2013","Não"
"860.619/1998","MG MINERAÇÃO GREEN GOLD LTDA ME","CRISTALINA/GO","62","Areia","20.000 toneladas","27/10/2011","23/04/2012","Não"
"860.619/1998","EDUARDO FERNANDES - PJ","CRISTALINA/GO","15","areia","11.250 ton.","26/03/2010","06/04/2010","Não"
"860.243/1999","COOPEDRAS DE PIRENÓPOLIS LTDA","PIRENÓPOLIS/GO","98","Quartzito","8.000 toneladas","27/10/2011","12/03/2012","Não"
"860.676/1999","AREIA BARRA AZUL EXTRAÇÃO E COMERCIO LTDA","CUMARI/GO","9","areia","3000 t","19/01/2010","23/11/2010","Não"
"860.782/1999","AREIA BARRA AZUL EXTRAÇÃO E COMERCIO LTDA","CUMARI/GO","4","areia","50000 t","19/01/2010","19/11/2010","Não"
"860.070/2001","AREAL MINAS GOIÁS LTDA","CRISTALINA/GO","100","Areia","30.000 toneladas","22/12/2011","28/09/2012","Não"
"860.171/2001","MINERAÇÃO CORCOVADO DE MINAS LTDA","NOVA ROMA/GO","25","MÁRMORE (rocha ornamental)","9.792 toneladas","06/07/2016","10/05/2017","Não"
"860.233/2001","EDEM EMPRESA DE DESENVOLVIMENTO EM MINERAÇÃO LTDA","PORANGATU/GO","92","Granulito (rocha ornamental)","7.000 toneladas","22/12/2011","31/12/2012","Não"
"860.246/2001","ARQUIMEDES & FIGUEIREDO LTDA","PIRENÓPOLIS/GO","93","Quartzito","8.000 toneladas","27/10/2011","12/03/2012","Não"
"860.494/2002","MINERAÇÂO E TRANSPORTES CORUMBÁ LTDA","CALDAS NOVAS/GO, CORUMBAÍBA/GO","46","AREIA","20.000 toneladas","08/12/2015","18/08/2016","Não"
"860.519/2002","AREIALTO EXTRAÇÃO, COMÉRCIO E TRANSPORTE DE AREIA LTDA","ORIZONA/GO, PIRES DO RIO/GO","90","areia","50000 t","19/01/2010","17/11/2010","Não"
"860.607/2003","EXTRAÇÃO GOIANA DE AREIA OURO BRANCO LTDA.","ÁGUAS LINDAS DE GOIÁS/GO","67","areia","8000 t","19/01/2010","10/09/2010","Não"
"860.630/2003","PEDRAS MULTICORES LTDA","PIRENÓPOLIS/GO","109","Quartzito","16.000 toneladas","27/10/2011","12/03/2012","Não"
"860.631/2003","PEDRAS MULTICORES LTDA","PIRENÓPOLIS/GO","97","Quartzito","16.000 toneladas","27/10/2011","12/09/2013","Não"
"860.745/2003","D. L. DO PRADO M. CONSTRUÇÃO","EDEALINA/GO, PONTALINA/GO","1","AREIA","11.205 TONELADAS","17/02/2012","10/08/2012","Não"
"860.891/2003","LEVANTINA NATURAL STONE BRASIL LTDA","MONTIVIDIU DO NORTE/GO","88","Granito","16.000 toneladas","17/10/2011","20/07/2012","Não"
"860.891/2003","MINERAÇÃO E EXPLORAÇÃO GAMMA LTDA","MONTIVIDIU DO NORTE/GO","38","GRANITO","2.240 TON","25/10/2010","09/06/2011","Não"
"861.188/2003","JOSÉ EUSTÁQUIO DE SOUSA","CUMARI/GO","28","AREIA","8.000 toneladas","06/07/2016","16/05/2017","Não"
"861.188/2003","JOSÉ EUSTÁQUIO DE SOUSA","CUMARI/GO","47","47/2014 (AREIA) e 48/2014 (CASCALHO)","47/2014 (13.500) e 48/2014 (1.350) toneladas","24/09/2014","06/08/2015","Não"
"861.315/2003","AREAL MINAS GOIÁS LTDA","CRISTALINA/GO","114","Areia","50.000 toneladas","08/11/2011","28/09/2012","Não"
"860.165/2004","WESLEY JOSE DA SILVA - ME","ARAGUARI/MG, CUMARI/GO","54","AREIA","50.000 toneladas","11/12/2014","12/09/2015","Não"
"860.175/2004","LUIZ HUMBERTO DE OLIVEIRA ME","VICENTINÓPOLIS/GO","16","BASALTO","15.000 toneladas","06/07/2016","01/03/2018","Não"
"860.190/2004","AREIA MENEZES LTDA ME","ARAGUARI/MG, ANHANGUERA/GO","13","Areia","25.506 t","20/06/2018","10/06/2019","Não"
"860.202/2004","BRITACAL IND E COM DE BRITA E CALCARIO BRASILIA LTDA","DIVINÓPOLIS DE GOIÁS/GO, SÃO DOMINGOS/GO","40","calcário","19000 t","19/01/2010","25/03/2010","Não"
"860.253/2004","LUIZ AILTON NUNES","JATAÍ/GO","45","cascalho/areia","7000/30000 t","19/01/2010","01/06/2011","Não"
"860.253/2004","LUIZ AILTON NUNES ME","JATAÍ/GO","77","AREIA","30.000 toneladas","11/12/2014","18/10/2015","Não"
"860.308/2004","AREIA BARRA AZUL EXTRAÇÃO E COMERCIO LTDA","ARAGUARI/MG, CUMARI/GO","7","AREIA","10.000 toneladas","30/05/2014","20/01/2015","Não"
"860.308/2004","AREIA BARRA AZUL EXTRAÇÃO E COMERCIO LTDA","ARAGUARI/MG, CUMARI/GO","7","cascalho/areia","8500/50000 t","19/01/2010","04/11/2010","Não"
"860.308/2004","AREIA BARRA AZUL EXTRAÇÃO E COMERCIO LTDA","ARAGUARI/MG, CUMARI/GO","48","Areia","50.000 toneladas","27/09/2012","29/08/2013","Não"
"860.309/2004","AREIA BARRA AZUL EXTRAÇÃO E COMERCIO LTDA","ARAGUARI/MG, CUMARI/GO","12","Areia","50.000 toneladas","27/10/2011","08/11/2011","Não"
"860.309/2004","AREIA BARRA AZUL EXTRAÇÃO E COMERCIO LTDA","ARAGUARI/MG, CUMARI/GO","52","Areia","50.000 toneladas","27/09/2012","29/08/2013","Não"
"860.309/2004","AREIA BARRA AZUL EXTRAÇÃO E COMERCIO LTDA","ARAGUARI/MG, CUMARI/GO","5","areia/cascalho","50000/8500 t","19/01/2010","04/11/2010","Não"
"860.404/2004","LMF IRMÃOS EXTRAÇÃO COMÉRCIO E TRANSPORTE DE AREIA LTDA","URUTAÍ/GO, PIRES DO RIO/GO","3","AREIA /CASCALHO","45.000(AREIA) e5.700(CASCALHO) toneladas","26/02/2013","30/11/2013 E 30/11/2013","Não"
"860.975/2004","DAGMAR SANTANA GODINHO","PIRENÓPOLIS/GO","99","Quartzito","8.000 toneladas","27/10/2011","12/03/2012","Não"
"861.013/2004","DW COMÉRCIO DE AREIA E TRANSPORTE LTDA","ITAPURANGA/GO","10","Areia","10.400 toneladas","27/10/2011","11/11/2011","Não"
"861.158/2004","CONCREMAX ENGENHARIA, CONCRETO E MATERIAIS LTDA","MINEIROS/GO, PORTELÂNDIA/GO","1","areia e cascalho","45000 e 7500 t","19/01/2010","20/11/2010","Não"
"860.047/2005","MINERAÇÃO BATALHA E PARTICIPAÇÕES LTDA.","CRISTALINA/GO, IPAMERI/GO","96","calcário corretivo de solo/30000","20000/30000 t","19/01/2010","05/10/2010","Não"
"860.159/2005","PH INVESTIMENTOS E PARTICIPAÇÕES LTDA","CAVALCANTE/GO","13","MINÉRIO DE MANGANÊS","6.000 toneladas","19/08/2015","25/11/2016","Não"
"860.159/2005","BRASIL MANGANES LTDA.","CAVALCANTE/GO","14","Minério de Manganês","6.000 t","10/07/2019","12/07/2023","Não"
"860.160/2005","BRASIL MANGANES LTDA.","CAVALCANTE/GO","15","Minério de Manganês","6.000 t","10/07/2019","12/07/2023","Não"
"860.160/2005","PH INVESTIMENTOS E PARTICIPAÇÕES LTDA","CAVALCANTE/GO","11","MINÉRIO DE MANGANÊS","6.000 toneladas","19/08/2015","25/11/2016","Não"
"860.367/2005","ALMEIDA E BARBOSA DE OLIVEIRA","GOIANDIRA/GO","71","areia","30000 t","19/01/2010","04/08/2010","Não"
"860.370/2005","OSMAR RODOVALHO-FI","CATALÃO/GO, CUMARI/GO","68","areia/cascalho","30000/5000 t","19/01/2010","","Não"
"860.370/2005","CERÂMICA CATALÃO LTDA","CATALÃO/GO, CUMARI/GO","34","CASCALHO","1.000 toneladas","16/11/2012","22/06/2013","Não"
"860.370/2005","CERÂMICA CATALÃO LTDA","CATALÃO/GO, CUMARI/GO","33","AREIA e CASCALHO","5.000 e 1.000 toneladas","29/06/2012","22/06/2013 e 22/06/2013.","Não"
"860.712/2005","CERAMIKALYS INDUSTRIA CERAMICA E COMERCIO LTDA","COCALZINHO DE GOIÁS/GO","50","areia de quartzito","50000 t","19/01/2010","09/06/2010","Não"
"860.766/2005","HONORATO MATERIAIS PARA CONSTRUÇÃO LTDA","ABADIA DOS DOURADOS/MG, DAVINÓPOLIS/GO, OUVIDOR/GO","56","Areia","50.000 toneladas","17/10/2011","21/02/2012","Não"
"860.948/2005","JR EXTRAÇÃO MINERAL LTDA","GOIANDIRA/GO, IPAMERI/GO","2","AREIA","50.000 toneladas","14/04/2015","11/07/2015","Não"
"860.948/2005","JR EXTRAÇÃO MINERAL LTDA","GOIANDIRA/GO, IPAMERI/GO","77","Areia","50.000 toneladas","19/12/2013","11/11/2014","Não"
"860.948/2005","JR EXTRAÇÃO MINERAL LTDA","GOIANDIRA/GO, IPAMERI/GO","58","AREIA","50.000 toneladas","08/12/2015","01/10/2016","Não"
"861.701/2005","MINERAÇÃO E AGROPECUÁRIA SILVÂNIA","SILVÂNIA/GO","25","caulim","3.000 T","19/05/2010","17/08/2010","Não"
"861.701/2005","MINERAÇÃO E AGROPECUÁRIA SILVÂNIA","SILVÂNIA/GO","73","caulim","3000 t","19/01/2010","06/02/2010","Não"
"861.701/2005","MINERAÇÃO E AGROPECUÁRIA SILVÂNIA","SILVÂNIA/GO","18","CAULIM","3.000 t","27/08/2010","1 ANO","Não"
"861.815/2005","CONCRETA BRITAS LTDA","CALDAS NOVAS/GO","22","micaxisto","50.000 T","19/05/2010","22/03/2010","Não"
"861.815/2005","CONCRETA BRITAS LTDA","CALDAS NOVAS/GO","43","MICAXISTO","50.000 toneladas","26/06/2013","07/06/2014","Não"
"861.815/2005","CONCRETA BRITAS LTDA","CALDAS NOVAS/GO","26","MICAXISTO (produção de brita))","50.000 toneladas","19/08/2015","30/04/2016","Não"
"861.815/2005","CONCRETA BRITAS LTDA","CALDAS NOVAS/GO","3","Micaxisto (produção de brita)","50.000 t","23/03/2018","12/03/2019","Não"
"861.815/2005","CONCRETA BRITAS LTDA","CALDAS NOVAS/GO","358","MICAXIXTO (PRODUÇAO DE AGREGADOS)","50.000 t","27/10/2020","1 ANO","Não"
"861.856/2005","MINERAÇÃO E COMERCIO DE PRODUTOS MINERAIS CAIAPÓ LTDA","ÁGUAS LINDAS DE GOIÁS/GO, COCALZINHO DE GOIÁS/GO","1","QUARTZITO","50.000 toneladas","26/02/2013","02/01/2014","Não"
"861.856/2005","RIOPRESERV LTDA","COCALZINHO DE GOIÁS/GO","21","aeia ( de quartzito )","50.000 T","19/05/2010","25/11/2010","Não"
"861.856/2005","MINERAÇÃO E COMERCIO DE PRODUTOS MINERAIS CAIAPÓ LTDA","ÁGUAS LINDAS DE GOIÁS/GO, COCALZINHO DE GOIÁS/GO","40","Areia","50.000 toneladas","21/09/2012","18/10/2012","Não"
"862.164/2005","COMÉRCIO VAREJISTA E ATACADISTA DE MATERIAIS DE CONSTRUÇÃO LTDA","JATAÍ/GO","87","Areia","20.000 toneladas","17/10/2011","07/12/2011","Não"
"862.172/2005","AREAL MINAS GOIÁS LTDA","CRISTALINA/GO","51","AREIA","50.000 toneladas","24/09/2014","18/08/2015","Não"
"862.178/2005","OLAF WINKING","CRISTALINA/GO","45","AREIA","50.000 toneladas","21/12/2016","16/092017","Não"
"862.178/2005","OLAF WINKING","CRISTALINA/GO","23","Areia","50.000 t","17/08/2018","15/09/2019","Não"
"860.011/2006","MINERAÇÃO & TRANSPORTE NOSSA SENHORA APARECIDA LTDA","SANTA VITÓRIA/MG, SÃO SIMÃO/GO","17","areia","areia ton.","26/03/2010","07/04/2011","Não"
"860.011/2006","MINERAÇÃO & TRANSPORTE NOSSA SENHORA APARECIDA LTDA","SANTA VITÓRIA/MG, SÃO SIMÃO/GO","33","AREIA","30.000 toneladas","19/08/2015","25/06/2016","Não"
"860.013/2006","MINERAÇÃO & TRANSPORTE NOSSA SENHORA APARECIDA LTDA","SANTA VITÓRIA/MG, CAÇU/GO, SÃO SIMÃO/GO","14","areia","30.000 ton.","26/03/2010","07/04/2011","Não"
"860.014/2006","MINERAÇÃO & TRANSPORTE NOSSA SENHORA APARECIDA LTDA","SANTA VITÓRIA/MG, SÃO SIMÃO/GO","16","areia","30.000 ton.","26/03/2010","07/04/2011","Não"
"860.015/2006","MINERAÇÃO & TRANSPORTE NOSSA SENHORA APARECIDA LTDA","SANTA VITÓRIA/MG, CAÇU/GO, SÃO SIMÃO/GO","62","areia","30000 t","19/01/2010","07/04/2011","Não"
"860.556/2006","PLINIO BOECHAT LOPES","CEZARINA/GO, PONTALINA/GO","73","Areia","11.000 toneladas","19/12/2013","02/05/2014","Não"
"860.583/2006","MG MINERAÇÃO GREEN GOLD LTDA ME","CRISTALINA/GO","48","AREIA","50.000 toneladas","02/09/2013","27/11/2013","Não"
"860.583/2006","MG MINERAÇÃO GREEN GOLD LTDA ME","CRISTALINA/GO","37","AREIA","30.000 toneladas","24/09/2014","13/06/2015","Não"
"860.584/2006","MG MINERAÇÃO GREEN GOLD LTDA ME","CRISTALINA/GO","38","AREIA","10.000 toneladas","24/09/2014","10/06/2015","Não"
"860.584/2006","EDUARDO FERNANDES","CRISTALINA/GO","13","AREIA","50.000 toneladas","05/04/2013","27/11/2013","Não"
"860.584/2006","EDUARDO FERNANDES","CRISTALINA/GO","43","areia","45000 t","19/01/2010","28/04/2010","Não"
"860.584/2006","EDUARDO FERNANDES","CRISTALINA/GO","2","AREIA","30.000 TONELADAS","17/02/2012","14/09/2012","Não"
"860.594/2006","MBM MINERAÇÃO S A.","ABADIÂNIA/GO","91","Quartzito para produção de areia","50.000 toneladas","22/12/2011","22/09/2012","Não"
"860.594/2006","MBM MINERAÇÃO S A.","ABADIÂNIA/GO","74","AREIA","50.000 toneladas","07/02/2013","07/11/2013","Não"
"860.760/2006","COOPEDRAS DE PIRENÓPOLIS LTDA","PIRENÓPOLIS/GO","96","Quartzito","8.000 toneladas","27/10/2011","12/03/2012","Não"
"860.921/2006","BRITAGEM QUALIBRITAS LTDA","MINEIROS/GO","10","basalto","45.000 ton.","26/03/2010","20/11/2010","Não"
"860.934/2006","MINERAÇÃO SANTA LUZIA LTDA","SILVÂNIA/GO","88","areia","30000 t","19/01/2010","14/07/2010","Não"
"860.934/2006","MINERAÇÃO SANTA LUZIA LTDA","SILVÂNIA/GO","3","AREIA","11.205 toneladas","17/02/2012","04/10/2012","Não"
"860.934/2006","MINERAÇÃO SANTA LUZIA LTDA","SILVÂNIA/GO","42","Areia","10.000 toneladas","17/10/2011","05/11/2011","Não"
"860.934/2006","MINERAÇÃO SANTA LUZIA LTDA","SILVÂNIA/GO","10","AREIA","11.205 toneladas","30/05/2014","18/02/2015","Não"
"860.934/2006","MINERAÇÃO SANTA LUZIA LTDA","SILVÂNIA/GO","38","AREIA","11.205 toneladas","19/08/2015","12/07/2016","Não"
"860.935/2006","AREIAL ELDORADO LTDA","HIDROLÂNDIA/GO, PIRACANJUBA/GO","44","areia","39000 t","19/01/2010","26/06/2010","Não"
"860.981/2006","JUAREZ PEREIRA DA COSTA","GOIANÉSIA/GO, SANTA ISABEL/GO","43","areia","1 25.000","27/08/2010","28/10/2010","Não"
"861.036/2006","MIGUEL ALVES DE FREITAS","GAMELEIRA DE GOIÁS/GO, SILVÂNIA/GO","7","AREIA","3.000 toneladas","23/02/2016","20/01/2017","Não"
"861.042/2006","BICUDO'S ENTULHOS LTDA","PIRENÓPOLIS/GO","110","Quartzito","16.000 toneladas","27/10/2011","12/03/2012","Não"
"861.043/2006","BICUDO'S ENTULHOS LTDA","PIRENÓPOLIS/GO","108","Quartzito","16.000 toneladas","27/10/2011","12/03/2012","Não"
"861.358/2006","COOPEDRAS DE PIRENÓPOLIS LTDA","PIRENÓPOLIS/GO","95","Quartzito","8.000 toneladas","27/10/2011","12/03/2012","Não"
"861.390/2006","P.Z. AREIA E TRANSPORTE LTDA","SILVÂNIA/GO","81","areia","39000 t","19/01/2010","18/05/2010","Não"
"861.390/2006","P.Z. AREIA E TRANSPORTE LTDA","SILVÂNIA/GO","89","Areia","11.205 toneladas","27/10/2011","27/06/2012","Não"
"861.392/2006","SRI MINERAÇÃO LTDA ME","JARAGUÁ/GO, SÃO FRANCISCO DE GOIÁS/GO","75","Areia","50.000 toneladas","19/12/2013","03/10/2014","Não"
"832.470/2007","MARCOS DELFINO ROSA","COROMANDEL/MG, CATALÃO/GO","192","Cascalho Diamantífero","50.000 toneladas","28/09/2011","02/04/2012","Não"
"832.470/2007","MARCOS DELFINO ROSA","COROMANDEL/MG, CATALÃO/GO","275","Cascalho Diamantífero","25.000 toneladas/ano (200 ct)","17/12/2012","06/08/2014","Não"
"860.017/2007","J.L. AREIA E CASCALHO LTDA","SILVÂNIA/GO","53","areia","39000 t","19/01/2010","01/04/2010","Não"
"860.017/2007","J.L. AREIA E CASCALHO LTDA","SILVÂNIA/GO","26","areia","2.000 T","19/05/2010","01/07/2010","Não"
"860.036/2007","LEONARDO AZEVEDO DOS SANTOS","ABADIÂNIA/GO","119","Areia","40.000 toneladas","22/12/2011","04/10/2012","Não"
"860.167/2007","MINERAÇÃO CURRAL DE PEDRA LTDA","FAINA/GO","9","MINÉRIO DE OURO","50.000 toneladas","30/05/2014","29/11/2014","Não"
"860.167/2007","MINERAÇÃO CURRAL DE PEDRA LTDA","FAINA/GO","6","MINÉRIO DE OURO","50.000 toneladas","23/02/2016","06/01/2017","Não"
"860.167/2007","MINERAÇÃO CURRAL DE PEDRA LTDA","FAINA/GO","18","MINÉRIO DE OURO","50.000 toneladas","12/07/2017","22/07/2018","Não"
"860.167/2007","MINERAÇÃO CURRAL DE PEDRA LTDA","FAINA/GO","32","Minério de ouro","50.000 t","16/11/2018","30/10/2019","Não"
"860.167/2007","MINERAÇÃO CURRAL DE PEDRA LTDA","FAINA/GO","334","MINÉRIO DE OURO","150.000 toneladas/ano","26/10/2020","3","Não"
"860.323/2007","FORNECEDORA SILVÂNIA DE AREIA LTDA ME","SILVÂNIA/GO","63","areia","39000 t","19/01/2010","28/04/2010","Não"
"860.323/2007","FORNECEDORA SILVÂNIA DE AREIA LTDA ME","SILVÂNIA/GO","27","areia","5.000 T","19/05/2010","21/08/2010","Não"
"860.404/2007","AMIN SALOMÃO","SILVÂNIA/GO","65","areia","15000 t","19/01/2010","15/06/2010","Não"
"860.421/2007","CLEUZA MARIA BARBOSA","HIDROLÂNDIA/GO","76","areia","27000 t","19/01/2010","09/05/2010","Não"
"860.421/2007","CLEUZA MARIA BARBOSA","HIDROLÂNDIA/GO","47","Areia","10.000 toneladas","17/10/2011","21/02/2012","Não"
"860.598/2007","CERÂMICA GONÇÁLVES OLIVEIRA LTDA","JATAÍ/GO","28","argila","12.000 T","19/05/2010","25/08/2010","Não"
"860.598/2007","CERÂMICA GONÇÁLVES OLIVEIRA LTDA EPP","JATAÍ/GO","72","ARGILA","12.000 toneladas","21/12/2012","24/04/2013","Não"
"860.598/2007","CERÂMICA GONÇÁLVES OLIVEIRA LTDA EPP","JATAÍ/GO","34","ARGILA","12.000 toneladas","24/09/2014","25/06/2015","Não"
"860.598/2007","CERÂMICA GONÇÁLVES OLIVEIRA LTDA EPP","JATAÍ/GO","3","ARGILA","12.000 toneladas","19/08/2015","10/01/2016","Não"
"860.598/2007","CERÂMICA GONÇÁLVES OLIVEIRA LTDA EPP","JATAÍ/GO","62","ARGILA","12.000 toneladas","11/12/2014","16/10/2015","Não"
"860.598/2007","CERÂMICA GONÇÁLVES OLIVEIRA LTDA EPP","JATAÍ/GO","72","ARGILA","12.000 toneladas","07/02/2013","24/04/2013","Não"
"860.644/2007","WM MINERAÇÃO LTDA","TRINDADE/GO, GOIANIRA/GO","34","CALCÁRIO E PIROXENITO","20.000 e 50.000 toneladas","13/06/2013","21/05/2014","Não"
"860.644/2007","WOLLASMIL MINERAÇÃO LTDA","TRINDADE/GO, GOIANIRA/GO","25","Piroxenito e Calcário","30.000 e 20.000 tonelada","27/10/2011","06/04/2012 e 06/04/2012","Não"
"860.984/2007","CONSÓRCIO MARINS PAVOTEC","URUAÇU/GO","58","gnaisse","45000 t","19/01/2010","11/08/2010","Não"
"860.984/2007","CONSÓRCIO MARINS PAVOTEC","URUAÇU/GO","16","GRANITO (brita)","50.000 toneladas","17/05/2013","30/06/2013","Não"
"861.056/2007","MINERACAO RG LTDA EPP","BURITI DE GOIÁS/GO, SANCLERLÂNDIA/GO","9","AREIA","16.416 toneladas","04/03/2013","08/02/2014","Não"
"861.056/2007","SEBASTIÃO DE PAULA GARCIA","BURITI DE GOIÁS/GO, SANCLERLÂNDIA/GO","30","areia","39.000 t","19/05/2010","14/03/2011","Não"
"861.092/2007","CERÂMICA SAN GENARO LTDA","SILVÂNIA/GO","49","areia","39000 t","19/01/2010","27/04/2010","Não"
"861.108/2007","MINERAÇÃO FELIX LTDA","SILVÂNIA/GO","79","areia","39000 t","19/01/2010","07/05/2010","Não"
"861.163/2007","ARM NAKAGAVA LTDA ME","BARRO ALTO/GO, NIQUELÂNDIA/GO","49","AREIA","19.699 toneladas","02/09/2013","01/08/2014","Não"
"861.163/2007","ARM NAKAGAVA LTDA ME","BARRO ALTO/GO, NIQUELÂNDIA/GO","182","AREIA","16.416 t","17/12/2019","29/11/2020","Não"
"861.163/2007","ARM NAKAGAVA LTDA ME","BARRO ALTO/GO, NIQUELÂNDIA/GO","182","Areia","16.416 Toneladas","09/12/2019","29/11/2020","Não"
"861.192/2007","A R BORGES DE SOUSA ME","RIALMA/GO, SANTA ISABEL/GO","13","AREIA","13.133 toneladas","06/07/2016","26/02/2017","Não"
"861.390/2007","RONALDO NASCIMENTO DE OLIVEIRA","COCALZINHO DE GOIÁS/GO, CORUMBÁ DE GOIÁS/GO, PIRENÓPOLIS/GO","25","QUARTZITO","12.000 toneladas","24/09/2014","22/12/2014","Não"
"861.426/2007","CATALANA IND E COM DE ARTEFATOS DE CIMENTO E CONST LTDA","CORUMBAÍBA/GO, CUMARI/GO, NOVA AURORA/GO","52","AREIA","35.000 toneladas","08/12/2015","01/06/2017","Não"
"861.426/2007","OSMAR FRANCISCO MARTINS","CUMARI/GO, NOVA AURORA/GO","4","AREIA","35.000 TONELADAS","17/02/2012","30/04/2012","Não"
"861.589/2007","P.Z. AREIA E TRANSPORTE LTDA","SILVÂNIA/GO, VIANÓPOLIS/GO","43","Areia","5.200 toneladas","21/09/2012","29/11/2012","Não"
"861.589/2007","P.Z. AREIA E TRANSPORTE LTDA","SILVÂNIA/GO, VIANÓPOLIS/GO","14","AREIA","11.491 toneladas","14/04/2015","12/07/2015","Não"
"861.778/2007","EMMANOEL TENÓRIO BRITTO","FORMOSA/GO","48","areia e manganês","5.000 e 6.000 ton","27/08/2010","13/12/2010","Não"
"861.778/2007","TENÓRIO BRITTO MINERAÇÃO E TOPOGRÁFIA LTDA EPP","FORMOSA/GO","5","AREIA (desmonte de rocha quartzítica)","50.000 toneladas","23/02/2016","30/12/2016","Não"
"861.778/2007","TENÓRIO BRITTO MINERAÇÃO E TOPOGRÁFIA LTDA EPP","FORMOSA/GO","4","AREIA (derivada de quartzito)","50.000 toneladas","12/07/2017","08/07/2017","Não"
"861.778/2007","TENÓRIO BRITTO MINERAÇÃO E TOPOGRÁFIA LTDA EPP","FORMOSA/GO","4","Quartzito (produção de areia)","50.000 t","22/04/2019","18/12/2019","Não"
"861.778/2007","TENÓRIO BRITTO MINERAÇÃO E TOPOGRÁFIA LTDA EPP","FORMOSA/GO","2","Quartzito (produção de areia)","50.000 t","02/03/2018","06/02/2019","Não"
"861.778/2007","TENÓRIO BRITTO MINERAÇÃO E TOPOGRÁFIA LTDA EPP","FORMOSA/GO","370","QUARTZITO (PRODUÇÃO DE AREIA)","50.000 t","05/11/2020","1 (um)","Não"
"861.788/2007","AYRTON MARTINS DE RESENDE","ISRAELÂNDIA/GO","67","Areia","25.000 toneladas","19/12/2013","04/04/2014","Não"
"862.066/2007","PEDRAS DE PIRENÓPOLIS LTDA","PIRENÓPOLIS/GO","94","Quartzito","8.000 toneladas","27/10/2011","12/03/2012","Não"
"862.359/2007","ALMORETE BORGES DOS SANTOS FI","LUZIÂNIA/GO, ORIZONA/GO","19","AREIA","10.000  e 22.000 toneladas","17/05/2013","29/06/2013","Não"
"862.384/2007","TRIMINING MINERAÇÃO DO BRASIL LTDA","NIQUELÂNDIA/GO","36","MINÉRIO DE MANGANÊS","6.000 toneladas","19/08/2015","10/07/2016","Não"
"862.384/2007","TRIMINING MINERAÇÃO DO BRASIL LTDA","NIQUELÂNDIA/GO","24","MINÉRIO DE MANGANÊS","6.000 toneladas","14/09/2017","17/07/2018","Não"
"862.384/2007","TRIMINING MINERAÇÃO DO BRASIL LTDA","NIQUELÂNDIA/GO","30","Minério de Manganês","6.000 t","29/10/2018","17/04/2019","Não"
"862.384/2007","TRIMINING MINERAÇÃO DO BRASIL LTDA","NIQUELÂNDIA/GO","32","MINÉRIO DE MANGANÊS","6.000 toneladas","06/07/2016","24/06/2017","Não"
"830.008/2008","AREIA SÃO JOSE EXTRAÇÃO E COMERCIO LTDA","ARAGUARI/MG, CORUMBAÍBA/GO","198","Areia","50.000t/ano","22/09/2011","19/08/2015","Não"
"860.032/2008","EURIPEDES RODRIGUES DA SILVA","NIQUELÂNDIA/GO","80","filito","12000 t","19/01/2010","24/04/2010","Não"
"860.092/2008","IRON MENDES NEVES","GOIANÉSIA/GO, JARAGUÁ/GO","12","AREIA","10.000 TONELADAS","17/02/2012","06/05/2012","Não"
"860.222/2008","VOTORANTIM CIMENTOS S A","EDÉIA/GO","51","ARGILA","15.000 toneladas","08/12/2015","10/09/2016","Não"
"860.224/2008","GREGÓRIO VASSILIVE FERREIRA","PADRE BERNARDO/GO, VILA PROPÍCIO/GO","21","AREIA","9.850 toneladas","30/05/2014","09/05/2015","Não"
"860.224/2008","GREGÓRIO VASSILIVE FERREIRA","PADRE BERNARDO/GO, VILA PROPÍCIO/GO","18","areia","29.760 ton.","26/03/2010","11/12/2010","Não"
"860.235/2008","OZONES RIBEIRO DE PAIVA","RIO VERDE/GO","60","areia","20000 t","19/01/2010","29/07/2010","Não"
"860.235/2008","RIBEIRO E PAIVA LTDA. ME","RIO VERDE/GO","5","AREIA","10.000 toneladas","26/02/2013","21/01/2014","Não"
"860.235/2008","RIBEIRO E PAIVA LTDA. ME","RIO VERDE/GO","19","AREIA","10.000 toneladas","12/07/2017","13/06/2018","Não"
"860.358/2008","AREIA BARRA AZUL EXTRAÇÃO E COMERCIO LTDA","ARAGUARI/MG, CUMARI/GO","94","areia/cascalho","5000/8500 t","19/01/2010","04/06/2010","Não"
"860.372/2008","MIGUEL ALVES DE FREITAS","GAMELEIRA DE GOIÁS/GO, SILVÂNIA/GO","11","AREIA","3.000 toneladas","06/07/2016","20/01/2017","Não"
"860.460/2008","OLVANIR ANDRADE DE CARVALHO","GOIÁS/GO, ITAPIRAPUÃ/GO, MATRINCHÃ/GO","29","AREIA","16.875 toneladas","13/06/2013","01/10/2013","Não"
"860.460/2008","AGROPECUARIA OLGA LTDA EPP","GOIÁS/GO, ITAPIRAPUÃ/GO, MATRINCHÃ/GO","55","AREIA","35.000 toneladas","11/12/2014","01/04/2015","Não"
"860.463/2008","ALTO COLLINA MINERADORA LTDA.","CAVALCANTE/GO, COLINAS DO SUL/GO","62","AREIA","50.000 toneladas","23/02/2016","30/11/2016","Não"
"860.586/2008","ARENAN EXTRAÇÃO E COMÉRCIO DE AREIA LTDA","CRISTALINA/GO, IPAMERI/GO","35","AREIA","50.000 toneladas","19/08/2015","10/07/2016","Não"
"860.858/2008","JOSÉ ALBERTO VAZ FI","SILVÂNIA/GO, VIANÓPOLIS/GO","67","AREIA","10.670 toneladas","21/12/2012","18/07/2013","Não"
"860.859/2008","MINERADORA SÃO CRISTOVÃO LTDA ME","SILVÂNIA/GO","35","AREIA","11.984 toneladas","26/06/2013","23/05/2014","Não"
"860.859/2008","MINERADORA SÃO CRISTOVÃO LTDA ME","SILVÂNIA/GO","26","AREIA","11.984 toneladas","24/09/2014","30/04/2015","Não"
"860.859/2008","MINERAÇÃO SANTA LUZIA LTDA","SILVÂNIA/GO","21","Areia","10.000 toneladas","17/10/2011","28/03/2012","Não"
"860.859/2008","MINERAÇÃO SANTA LUZIA LTDA","SILVÂNIA/GO","37","AREIA","10.000 toneladas","29/06/2012","03/05/2013","Não"
"860.881/2008","JOSÉ MENDES RIBEIRO","HIDROLINA/GO, SANTA RITA DO NOVO DESTINO/GO, SÃO LUIZ DO NORTE/GO","93","areia","39000 t","19/01/2010","06/07/2010","Não"
"860.881/2008","J G MINERACAO & TRANSPORTADORA LTDA","SÃO LUIZ DO NORTE/GO","9","Areia","39.000 t","24/05/2019","16/05/2020","Não"
"861.039/2008","TEOFANES JOSÉ NETO ME","SILVÂNIA/GO","6","AREIA","10.000 toneladas","26/02/2013","03/05/2013","Não"
"861.040/2008","IRMÃOS CUNHA AREIA E CASCALHO LTDA","SILVÂNIA/GO","48","areia","39000 t","19/01/2010","09/02/2010","Não"
"861.151/2008","VALEMAR VALE DO MARANHÃO MINERAÇÃO LTDA ME","MIMOSO DE GOIÁS/GO","12","MINÉRIO DE FERRO","200.000 toneladas","30/05/2014","09/03/2015","Não"
"861.151/2008","VALEMAR VALE DO MARANHÃO MINERAÇÃO LTDA ME","MIMOSO DE GOIÁS/GO","97","Minério de Ferro","30.000 Toneladas","13/11/2019","27/11/2020","Não"
"861.151/2008","VALEMAR VALE DO MARANHÃO MINERAÇÃO LTDA ME","MIMOSO DE GOIÁS/GO","4","MINÉRIO DE FERRO","300.000 toneladas","25/04/2018","10/04/2019","Não"
"861.151/2008","VALEMAR VALE DO MARANHÃO MINERAÇÃO LTDA ME","MIMOSO DE GOIÁS/GO","30","MINÉRIO DE FERRO","30.981,52 toneladas","06/07/2016","23/05/2017","Não"
"861.151/2008","VALEMAR VALE DO MARANHÃO MINERAÇÃO LTDA ME","MIMOSO DE GOIÁS/GO","9","MINÉRIO DE FERRO","300.000 toneladas","12/07/2017","03/04/2018","Não"
"861.151/2008","VALEMAR VALE DO MARANHÃO MINERAÇÃO LTDA ME","MIMOSO DE GOIÁS/GO","16","Minério de Ferro","30.000 Toneladas","30/08/2019","27/11/2019","Não"
"861.291/2008","MUSSE MINERAÇÃO LTDA ME","JAUPACI/GO","20","GRANITO","10.000 toneladas","30/05/2014","27/09/2014","Não"
"861.291/2008","MUSSE MINERAÇÃO LTDA ME","JAUPACI/GO","42","GRANITO","16.500 toneladas","26/06/2013","27/09/2013","Não"
"861.329/2008","JT MINERAÇÃO LTDA","BELA VISTA DE GOIÁS/GO, SENADOR CANEDO/GO","19","QUARTZITO","50.000 toneladas","30/05/2014","16/04/2015","Não"
"861.369/2008","ITAUNA MINERTECH LTDA","NOVA IGUAÇU DE GOIÁS/GO","145","MINÉRIO DE MANGANÊS","6.000 toneladas","16/12/2021","03 (TRÊS) ANOS A CONTAR DA PUBLICAÇÃO NO DIÁRIO OFICIAL DA UNIÃO","Não"
"861.428/2008","C A DA CRUZ EIRELI","SANTA CRUZ DE GOIÁS/GO","24","AREIA","5.000 toneladas","30/05/2014","20/05/2015","Não"
"861.429/2008","C A DA CRUZ EIRELI","SANTA CRUZ DE GOIÁS/GO","23","AREIA","5.974 toneladas","30/05/2014","20/05/2015","Não"
"861.446/2008","DLEON MINERADORA LTDA ME","LUZIÂNIA/GO","32","AREIA","50.000 toneladas","19/08/2015","15/06/2016","Não"
"862.236/2008","ZEUS MINERAÇÃO LTDA.","CAVALCANTE/GO","56","manganês","6000 t","19/01/2010","30/04/2010","Não"
"862.237/2008","MARCOS PAULO FERREIRA","NIQUELÂNDIA/GO","18","Areia e Cascalho","22.000 e 8.000 toneladas","27/10/2011","03/12/2011 e 03/12/2011","Não"
"862.237/2008","MARCOS PAULO FERREIRA","NIQUELÂNDIA/GO","24","CASCALHO E AREIA","8.000 e 22.000 toneladas","17/05/2013","12/04/2014","Não"
"862.266/2008","EGP EMPRESA GLOBAL DE PROJETOS LTDA","CATALÃO/GO","28","GRANITO ( brita)","50.000 toneladas","19/08/2015","03/06/2016","Não"
"862.456/2008","AREIA SÃO TOMÁZ LTDA","MONTIVIDIU/GO","5","AREIA","50.000 toneladas","12/07/2017","14/01/2018","Não"
"862.631/2008","SALVADOR LOURENÇO DOS SANTOS","SILVÂNIA/GO","24","areia","39.000 T","19/05/2010","14/11/2010","Não"
"862.697/2008","ADEMAR LEITE DE ANDRADE","GOIANÉSIA/GO, JARAGUÁ/GO","73","Areia e Cascalho","30.000 e 30.000 toneladas","17/10/2011","02/04/2012 e 02/04/2012","Não"
"862.697/2008","ADEMAR LEITE DE ANDRADE","GOIANÉSIA/GO, JARAGUÁ/GO","4","AREIA","30.000 toneladas","14/04/2015","06/01/2016","Não"
"862.721/2008","SILVANA ARAÚJO DE SOUZA MOREIRA","SILVÂNIA/GO","5","AREIA","24.000 TONELADAS","17/02/2012","26/05/2013","Não"
"862.721/2008","SILVANA ARAÚJO DE SOUZA MOREIRA","SILVÂNIA/GO","56","AREIA","24.000 toneladas","08/12/2015","14/09/2016","Não"
"862.721/2008","SILVANA ARAÚJO DE SOUZA MOREIRA","SILVÂNIA/GO","60","Areia","24.000 toneladas","19/12/2013","18/09/2014","Não"
"862.726/2008","EDUARDO J.M. DE BRITO E CIA LTDA","SILVÂNIA/GO, VIANÓPOLIS/GO","122","Areia","20.000 toneladas","22/12/2011","21/02/2012","Não"
"862.825/2008","PORTO BELO AREIA E CASCALHO LTDA","CIDADE OCIDENTAL/GO, CRISTALINA/GO","72","areia","49800 t","19/01/2010","31/07/2010","Não"
"860.082/2009","MINERAÇÃO SANTA LUZIA LTDA","SILVÂNIA/GO","57","Areia","10.000 toneladas","27/09/2012","18/05/2013","Não"
"860.082/2009","MINERAÇÃO SANTA LUZIA LTDA","SILVÂNIA/GO","4","AREIA","10.178 toneladas","30/05/2014","02/01/2015","Não"
"860.088/2009","GALVÃO ENGENHARIA S A","SANTA TEREZA DE GOIÁS/GO","13","Granito pára prudução de Brita","360.000 Toneladas","25/06/2010","15/04/211","Não"
"860.088/2009","EDEM EMPRESA DE DESENVOLVIMENTO EM MINERAÇÃO E PARTICIPAÇÕES LTDA","SANTA TEREZA DE GOIÁS/GO","6","GRANITO","50.000 toneladas","12/07/2017","10/03/2018","Não"
"860.152/2009","MINERAÇÃO BATALHA E PARTICIPAÇÕES LTDA ME","IPAMERI/GO","57","CALCÁRIO","50.000 toneladas","08/12/2015","30/09/2019","Não"
"860.158/2009","F. G. MINERAÇÃO E TRANSPORTE LTDA ME","SILVÂNIA/GO","50","AREIA","7.000 toneladas","08/12/2015","17/01/2016","Não"
"860.158/2009","F. G. MINERAÇÃO E TRANSPORTE LTDA ME","SILVÂNIA/GO","46","AREIA","5.000 toneladas","24/09/2014","13/08/2015","Não"
"860.158/2009","CLEBER FELIX GOUVEA","SILVÂNIA/GO","11","AREIA","5.200 TONELADAS","17/02/2012","18/07/2012","Não"
"860.158/2009","F. G. MINERAÇÃO E TRANSPORTE LTDA ME","SILVÂNIA/GO","53","Areia","5.200 toneladas","27/09/2012","27/08/2013","Não"
"860.170/2009","ALAOR FERREIRA DA CRUZ","GOIÁS/GO, ITAPIRAPUÃ/GO","10","AREIA","11.205 TONELADAS","17/02/2012","14/07/2012","Não"
"860.236/2009","JOÃO LANCISIO BATISTA ME","SILVÂNIA/GO, VIANÓPOLIS/GO","17","AREIA","11.205 toneladas","13/04/2012","22/06/2013","Não"
"860.236/2009","JC MINERAÇÃO EIRELI ME","SILVÂNIA/GO, VIANÓPOLIS/GO","15","AREIA","16.416 toneladas","12/07/2017","17/04/2018","Não"
"860.311/2009","MRC MINERADORA RIO CLARO LTDA","FAZENDA NOVA/GO","111","Granito","4.000 toneladas","22/12/2011","14/01/1012","Não"
"860.312/2009","AREAL MINAS GOIÁS LTDA","CRISTALINA/GO","115","Areia e Quartzito","30.000 e 4.000 toneladas","22/12/2011","15/06/2012","Não"
"860.367/2009","AREIA ANICUNS MINERAÇÃO IND. E COM. LTDA.","ANICUNS/GO","11","AREIA","50.000 toneladas","30/05/2014","01/04/2015","Não"
"860.544/2009","DRAGA BATISTA RAMOS LTDA ME","SILVÂNIA/GO","72","AREIA","10.670 toneladas","11/12/2014","14/11/2015","Não"
"860.544/2009","DRAGA BATISTA RAMOS LTDA ME","SILVÂNIA/GO","69","Areia","11.000 toneladas","17/10/2011","06/05/2012","Não"
"860.544/2009","DRAGA BATISTA RAMOS LTDA ME","SILVÂNIA/GO","41","Areia","10.600 toneladas","21/09/2012","04/05/2013","Não"
"860.634/2009","SEBASTIÃO GOUVEIA ASSIS ME","JATAÍ/GO","42","ARGILA","1.203 toneladas","19/08/2015","20/07/2016","Não"
"860.662/2009","DEUZANI FERREIRA VILELA","QUIRINÓPOLIS/GO, RIO VERDE/GO","40","AREIA","45.000 toneladas","26/06/2013","16/11/2013","Não"
"860.734/2009","ARERRIOS MINERAÇÃO E TRANSPORTE LTDA ME","ITAPIRAPUÃ/GO, MATRINCHÃ/GO","69","Areia","12.312 toneladas","19/12/2013","08/10/2014","Não"
"860.753/2009","CONSTRUFORTE CONSTRUÇÕES FERREIRA MAIA LTDA","JATAÍ/GO","75","Areia","11.205 toneladas","17/10/2011","19/07/2012","Não"
"860.755/2009","DRAGA IRMÃOS GARCIA LTDA","GOIANÉSIA/GO, SANTA ISABEL/GO","1","01/2017 (CASCALHO) e 02/2017 (AREIA))","01/2017 (3.000) e 02/2017 (20.000) toneladas","12/07/2017","01/2017 (10/01/2018) e 02/2017 (10/01/2018).","Não"
"860.893/2009","FERNANDO DA SILVA ALVES","BURITI DE GOIÁS/GO, CÓRREGO DO OURO/GO, SANCLERLÂNDIA/GO","17","AREIA","10.999 toneladas","06/07/2016","14/03/2017","Não"
"860.893/2009","FERNANDO DA SILVA ALVES","BURITI DE GOIÁS/GO, CÓRREGO DO OURO/GO, SANCLERLÂNDIA/GO","70","AREIA","39.000 TON","25/10/2010","28/09/2011","Não"
"861.059/2009","JOSÉ LEOMAR E IRACIMAR LTDA","CATALÃO/GO, IPAMERI/GO","127","AREIA","10.000 TONELADAS","23/01/2012","18/03/2012","Não"
"861.071/2009","AREIA FORTALEZA LTDA","CUMARI/GO","7","AREIA E CASCALHO","16.200 e 1.800 toneladas","16/11/2012","27/06/2013","Não"
"861.162/2009","PILAR DE GOIAS DESENVOLVIMENTO MINERAL S.A.","GUARINOS/GO","20","MINÉRIO DE OURO","50.000 toneladas","19/08/2015","05/10/2015","Não"
"861.162/2009","COMPANHIA GOIANA DE OURO","GUARINOS/GO","71","MINÉRIO DE OURO","50.000 toneladas","11/12/2014","08/04/2015","Não"
"861.162/2009","PILAR DE GOIAS DESENVOLVIMENTO MINERAL S.A.","GUARINOS/GO","59","MINÉRIO DE OURO","50.000 toneladas","08/12/2015","13/10/2016","Não"
"861.162/2009","PILAR DE GOIAS DESENVOLVIMENTO MINERAL S.A.","GUARINOS/GO","12","MINERIO DE OURO","200.000 TONELADAS","10/03/2016","18/08/2017","Não"
"861.286/2009","KF MINERAÇÃO & TRANSPORTE LTDA.","NOVA GLÓRIA/GO, SANTA ISABEL/GO","85","Areia","30.000 toneladas","17/10/2011","12/05/2012","Não"
"861.382/2009","CERÂMICA SANTA LÚCIA LTDA","AVELINÓPOLIS/GO, CATURAÍ/GO, TRINDADE/GO","44","Argila","12.000 toneladas","21/09/2012","19/07/2012","Não"
"861.382/2009","CERÂMICA SANTA LÚCIA LTDA","AVELINÓPOLIS/GO, CATURAÍ/GO, TRINDADE/GO","33","ARGILA","20.000 toneladas","26/06/2013","06/03/2014 - OBS: Lavra permitida somente para o município de Caturaí/GO.","Não"
"861.441/2009","MINERPAL MINERAÇÃO E COMÉRCIO LTDA","GOIÁS/GO","30","AREIA","20.000 toneladas","26/06/2013","16/05/2014","Não"
"861.441/2009","MINERPAL MINERAÇÃO E COMÉRCIO LTDA","GOIÁS/GO","27","AREIA","20.000 toneladas","06/07/2016","06/05/2017","Não"
"861.460/2009","MINERPAL MINERAÇÃO E COMÉRCIO LTDA","GOIÁS/GO","31","AREIA","10.000 toneladas","26/06/2013","16/05/2014","Não"
"861.460/2009","MINERPAL MINERAÇÃO E COMÉRCIO LTDA","GOIÁS/GO","43","AREIA","10.000 toneladas","24/09/2014","04/07/2015","Não"
"861.475/2009","MINERAÇÃO JD LTDA","APARECIDA DE GOIÂNIA/GO","59","XISTO PARA BRITA","50.000 toneladas","16/11/2012","17/09/2013","Não"
"861.535/2009","VETTEL ENGENHARIA & MINERAÇÃO LTDA","ÁGUAS LINDAS DE GOIÁS/GO, COCALZINHO DE GOIÁS/GO","30","AREIA","30.000 toneladas","19/08/2015","15/06/2016","Não"
"861.592/2009","MINERAÇÃO NOVO BRASIL GRANITOS LTDA","FAZENDA NOVA/GO, JAUPACI/GO","45","AREIA","42.000 toneladas","08/12/2015","13/08/2016","Não"
"861.592/2009","MINERAÇÃO NOVO BRASIL GRANITOS LTDA","FAZENDA NOVA/GO, JAUPACI/GO","25","AREIA","42.000 toneladas","13/06/2012","30/11/2013","Não"
"861.648/2009","ARMAZEM DA AREIA LTDA","SENADOR CANEDO/GO","81","Areia","50.000 toneladas","19/12/2013","03/12/2014","Não"
"861.648/2009","ARMAZEM DA AREIA LTDA","SENADOR CANEDO/GO","200","QUARTZITO (PRODUÇÃO DE AREIA)","50.000 toneladas","28/05/2020","17/04/2021","Não"
"861.648/2009","ARMAZEM DA AREIA LTDA","GOIÂNIA/GO, SENADOR CANEDO/GO","126","QUARTZITO (AREIA)","50.000 TONELADAS/ANO","16/12/2021","03 (TRÊS) ANOS A CONTAR DA PUBLICAÇÃO NO DIÁRIO OFICIAL DA UNIÃO","Não"
"861.711/2009","JLL MINERAÇÃO LTDA ME","ORIZONA/GO, SILVÂNIA/GO, VIANÓPOLIS/GO","65","AREIA","50.000 toneladas","04/12/2012","14/05/2013","Não"
"860.011/2010","CERÂMICA SOLIMÕES LTDA","MUTUNÓPOLIS/GO, ESTRELA DO NORTE/GO, MARA ROSA/GO","44","ARGILA","12.000 toneladas","21/12/2016","10/08/2017","Não"
"860.015/2010","ARENAN EXTRAÇÃO E COMÉRCIO DE AREIA LTDA","ORIZONA/GO","82","Areia","50.000 toneladas","17/10/2011","05/08/2012","Não"
"860.097/2010","FERNANDO CESAR CINTRA","ARAGUAPAZ/GO, FAINA/GO, MATRINCHÃ/GO","22","AREIA","14.774 toneladas","17/05/2013","03/09/2013","Não"
"860.187/2010","JOSE PEDRO VAZ NETO ME","CATALÃO/GO, CUMARI/GO, TRÊS RANCHOS/GO","17","AREIA","25.000 toneladas","12/07/2017","17/04/2018","Não"
"860.194/2010","D. L. DO PRADO M. CONSTRUÇÃO","ISRAELÂNDIA/GO","126","AREIA","11.205 TONELADAS","23/01/2012","14/05/2012","Não"
"860.194/2010","D. L. DO PRADO M. CONSTRUCAO ME","ISRAELÂNDIA/GO","3","AREIA","18.000 toneladas","30/05/2014","06/01/2015","Não"
"860.308/2010","JOSÉ ALFREDO GUIMARÃES DE SÁ","ÁGUA FRIA DE GOIÁS/GO","13","AREIA","40.000 TONELADAS","17/02/2012","27/12/2012","Não"
"860.319/2010","KANOPUS MINERADORA LTDA ME","SILVÂNIA/GO, VIANÓPOLIS/GO","55","Areia","5.200 toneladas","17/10/2011","02/05/2012","Não"
"860.358/2010","IDELBRANDO CESAR DE MORAIS","FAINA/GO","124","AREIA","11.205 TONELADAS","23/01/2012","04/10/2012","Não"
"860.396/2010","ALEXANDRE LUIZ RIBEIRO DE FREITAS NERY ALVE","JAÚ DO TOCANTINS/TO, MONTIVIDIU DO NORTE/GO","25","Granito (Rocha Ornamental)","16.000 t","12/09/2018","05/09/2019","Não"
"860.396/2010","STTTONES & ESPATO BRASIL LTDA ME","JAÚ DO TOCANTINS/TO, MONTIVIDIU DO NORTE/GO","387","GRANITO (ROCHA ORNAMENTAL)","16.000 t","24/03/2021","18/09/2021 (vencimento do alvará de pesquisa)","Não"
"860.396/2010","STTONES & ESPATO BRASIL LTDA","JAÚ DO TOCANTINS/TO, MONTIVIDIU DO NORTE/GO","471","GRANITO (USO ROCHA ORNAMENTAL)","16.000 TONELADAS","04/11/2024","3 anos","Não"
"860.444/2010","FABRICIO DE SIQUEIRA MENDONÇA","APARECIDA DE GOIÂNIA/GO, HIDROLÂNDIA/GO","38","CASCALHO","8.500 toneladas","29/06/2012","01/06/2013","Não"
"860.541/2010","ARM NAKAGAVA LTDA ME","BARRO ALTO/GO, NIQUELÂNDIA/GO","50","AREIA","16.416 toneladas","02/09/2013","01/08/2014","Não"
"860.684/2010","ARM NAKAGAVA LTDA ME","NIQUELÂNDIA/GO, VILA PROPÍCIO/GO","59","Areia","10.000 toneladas","17/10/2011","10/05/2012","Não"
"860.694/2010","FLÁVIO LEANDRO PALMERSTON ABRANTES","BELA VISTA DE GOIÁS/GO, HIDROLÂNDIA/GO, PIRACANJUBA/GO","10","AREIA","50.000 toneladas","04/03/2013","20/08/2013","Não"
"860.722/2010","WELLINGTON ALVES DE OLIVEIRA","NIQUELÂNDIA/GO","58","AREIA","50.000 toneladas","11/12/2014","20/09/2015","Não"
"860.782/2010","IDELBRANDO CESAR DE MORAIS","FAINA/GO","8","AREIA","11.205 toneladas","26/02/2013","26/07/2013","Não"
"860.816/2010","JAIME DE MELO REIS","FORMOSA/GO","11","AREIA","50.000 toneladas","04/03/2013","20/11/2013","Não"
"860.816/2010","JAIME DE MELO REIS","FORMOSA/GO","86","Areia","20.000 toneladas","17/10/2011","31/08/2012","Não"
"860.816/2010","JJX: FORTES INDÚSTRIA, COMÉRCIO, CONSTRUÇÕES E MINERAÇÃO LTDA ME","FORMOSA/GO","8","AREIA","50.000 toneladas","14/04/2015","12/08/2016","Não"
"860.816/2010","JJX: FORTES INDÚSTRIA, COMÉRCIO, CONSTRUÇÕES E MINERAÇÃO LTDA ME","FORMOSA/GO","8","AREIA","50.000 toneladas","30/05/2014","11/12/2014","Não"
"860.853/2010","MINERAÇÃO & TRANSPORTE NOSSA SENHORA APARECIDA LTDA","GOUVELÂNDIA/GO, QUIRINÓPOLIS/GO","90","Areia","50.000 toneladas","17/10/2011","03/11/2012","Não"
"860.884/2010","SETA MINERAÇÃO LTDA","CACHOEIRA ALTA/GO, QUIRINÓPOLIS/GO","84","Areia","20.000 toneladas","17/10/2011","08/01/2012","Não"
"860.884/2010","SETA MINERAÇÃO LTDA","CACHOEIRA ALTA/GO, QUIRINÓPOLIS/GO","22","AREIA","50.000 toneladas","30/05/2014","05/05/2015","Não"
"861.050/2010","VÂNIA DELZULITA DE MOURA LIMA ME","SANTA CRUZ DE GOIÁS/GO","17","AREIA","10.014 toneladas","30/05/2014","11/04/2015","Não"
"861.050/2010","VÂNIA DELZULITA DE MOURA LIMA ME","SANTA CRUZ DE GOIÁS/GO","23","AREIA","14.774 toneladas","19/08/2015","02/12/2015","Não"
"861.052/2010","MAURO CÉSAR RIBEIRO","BURITI DE GOIÁS/GO, SANCLERLÂNDIA/GO","27","AREIA","24.624 toneladas","19/08/2015","25/05/2016","Não"
"861.123/2010","MINERPAL MINERAÇÃO E COMÉRCIO LTDA","GOIÁS/GO","66","AREIA","35.000 toneladas","11/12/2014","17/04/2015","Não"
"861.123/2010","MINERPAL MINERAÇÃO E COMÉRCIO LTDA","GOIÁS/GO","45","AREIA","35.000 toneladas","02/09/2013","25/06/2014","Não"
"861.124/2010","BORGES E HORI MINERAÇÃO LTDA","GOIÁS/GO","46","AREIA","10.000 toneladas","02/09/2013","02/07/2014","Não"
"861.124/2010","RUBIA MINERAÇÃO E COMÉRCIO LTDA","GOIÁS/GO","8","AREIA","25.000 toneladas","12/07/2017","30/03/2018","Não"
"861.141/2010","J.R. PEREIRA","NAZÁRIO/GO, PALMEIRAS DE GOIÁS/GO, SANTA BÁRBARA DE GOIÁS/GO","41","ARGILA","12.000 toneladas","24/09/2014","18/06/2015","Não"
"861.141/2010","J.R. PEREIRA","NAZÁRIO/GO, PALMEIRAS DE GOIÁS/GO, SANTA BÁRBARA DE GOIÁS/GO","47","Argila","12.000 toneladas","27/09/2012","16/12/2012","Não"
"861.152/2010","FERNANDO LOPES PEREIRA","ALOÂNDIA/GO, MORRINHOS/GO, PONTALINA/GO","62","Areia","3.000 toneladas","19/12/2013","12/11/2013","Não"
"861.210/2010","AREIA BARRA AZUL EXTRAÇÃO E COMERCIO LTDA","ARAGUARI/MG, TUPACIGUARA/MG, CORUMBAÍBA/GO","14","AREIA","50.000 toneladas","06/07/2016","01/03/2017","Não"
"861.210/2010","AREIA BARRA AZUL EXTRAÇÃO E COMERCIO LTDA","ARAGUARI/MG, TUPACIGUARA/MG, CORUMBAÍBA/GO","25","Areia","50.000 t","04/01/2018","06/10/2018","Não"
"861.210/2010","AREIA SÃO JOSE EXTRAÇÃO, COMÉRCIO E TRANSPORTE LTDA ME","ARAGUARI/MG, TUPACIGUARA/MG, CORUMBAÍBA/GO","8","Areia","50.000 t","09/05/2019","23/04/2020","Não"
"861.211/2010","AREIA BARRA AZUL EXTRAÇÃO E COMERCIO LTDA","ARAGUARI/MG, CORUMBAÍBA/GO","9","Areia","50.000 t","06/06/2018","16/05/2019","Não"
"861.211/2010","AREIA SÃO JOSE EXTRAÇÃO, COMÉRCIO E TRANSPORTE LTDA ME","ARAGUARI/MG, CORUMBAÍBA/GO","11","AREIA","50.000 Toneladas","28/06/2019","28/11/2020","Não"
"861.211/2010","AREIA BARRA AZUL EXTRAÇÃO E COMERCIO LTDA","ARAGUARI/MG, CORUMBAÍBA/GO","52","AREIA","50.000 toneladas","24/09/2014","15/06/2016","Não"
"861.212/2010","AREIA BARRA AZUL EXTRAÇÃO E COMERCIO LTDA","ARAGUARI/MG, CORUMBAÍBA/GO","26","Areia","50.000 t","04/01/2018","06/10/2018","Não"
"861.212/2010","AREIA SÃO JOSE EXTRAÇÃO, COMÉRCIO E TRANSPORTE LTDA ME","ARAGUARI/MG, CORUMBAÍBA/GO","8","AREIA","50.000 T","22/01/2021","01","Não"
"861.300/2010","JOFEGE MINERAÇÃO LTDA","VILA PROPÍCIO/GO","3","CALCÁRIO","20.000 toneladas","12/07/2017","16/01/2018","Não"
"861.426/2010","SERRA VERDE PESQUISA E MINERAÇÃO LTDA.","MINAÇU/GO","28055","Terras Raras","5.000 t","20/12/2022","3 anos","Não"
"861.427/2010","SERRA VERDE PESQUISA E MINERAÇÃO LTDA","MINAÇU/GO","59","MINÉRIO DE TERRAS RARAS","50.000 Toneladas","02/10/2013","09/12/2013","Não"
"861.429/2010","SERRA VERDE PESQUISA E MINERAÇÃO LTDA","MINAÇU/GO, TROMBAS/GO","56","MINÉRIO DE TERRAS RARAS","50.000 Toneladas","02/10/2013","31/01/2014","Não"
"861.430/2010","SERRA VERDE PESQUISA E MINERAÇÃO LTDA","MINAÇU/GO","57","MINÉRIO DE TERRAS RARAS","50.000 toneladas","02/10/2013","31/01/2014","Não"
"861.431/2010","SERRA VERDE PESQUISA E MINERAÇÃO LTDA","MINAÇU/GO","60","MINÉRIO DE TERRAS RARAS","50.000 Toneladas","02/10/2013","31/03/2014","Não"
"861.432/2010","SERRA VERDE PESQUISA E MINERAÇÃO LTDA","MINAÇU/GO","61","MINÉRIO DE TERRAS RARAS","50.000 Toneladas","02/10/2013","06/05/2014","Não"
"861.493/2010","MARCOS PAULO FERREIRA","NIQUELÂNDIA/GO, SANTA RITA DO NOVO DESTINO/GO","14","Areia","35.000 t","20/06/2018","10/06/2019","Não"
"861.594/2010","MIGUEL COSTA DE SANTANA","GOIÁS/GO","6","AREIA","5.000 toneladas","30/05/2014","20/05/2014","Não"
"861.598/2010","STRACTA MINERAÇÃO LTDA","BARRO ALTO/GO","37","Argila Refratária","15.000 t","05/12/2018","30/11/2019","Não"
"861.598/2010","STRACTA MINERAÇÃO LTDA","BARRO ALTO/GO","8","ARGILA REFRATÁRIA","60.000 t/ano","03/02/2021","3","Não"
"861.610/2010","MINERAÇÃO RIO CLARO LTDA","IVOLÂNDIA/GO","58","58-Areia e 59-Cascalho Diamantífero","58-50.000 e 59-50.000 toneladas","19/12/2013","12/05/2014","Não"
"861.610/2010","MINERAÇÃO RIO CLARO LTDA","IVOLÂNDIA/GO","62","AREIA E CASCALHO DIAMANTÍFERO","50.000 e 50.000 toneladas","16/11/2012","04/07/2013 E 04/07/2013","Não"
"861.694/2010","SERRA VERDE PESQUISA E MINERAÇÃO LTDA","MINAÇU/GO","58","MINÉRIO DE TERRAS RARAS","50.000 Toneladas","02/10/2013","02/03/2014","Não"
"861.810/2010","AREIA BARRA AZUL EXTRAÇÃO E COMERCIO LTDA","ARAGUARI/MG, CORUMBAÍBA/GO","49","AREIA","50.000 toneladas","24/09/2014","15/06/2016","Não"
"861.810/2010","AREIA SÃO JOSE EXTRAÇÃO, COMÉRCIO E TRANSPORTE LTDA ME","ARAGUARI/MG, CORUMBAÍBA/GO","12","AREIA","50.000 Toneladas","28/06/2019","28/11/2020","Não"
"861.810/2010","AREIA BARRA AZUL EXTRAÇÃO E COMERCIO LTDA","ARAGUARI/MG, CORUMBAÍBA/GO","10","Areia","50.000 t","06/06/2018","16/05/2019","Não"
"861.835/2010","DANTAS MINERIOS LTDA","GUAPÓ/GO","39","GNAISSE","50.000 toneladas","24/09/2014","27/06/2015","Não"
"861.837/2010","SR COMÉRCIO DE PEDRAS LTDA ME","COCALZINHO DE GOIÁS/GO, PIRENÓPOLIS/GO","36","QUARTZITO E AREIA","15.000 e 50.000 toneladas","13/06/2013","31/03/2014","Não"
"861.837/2010","SR COMÉRCIO DE PEDRAS LTDA ME","COCALZINHO DE GOIÁS/GO, PIRENÓPOLIS/GO","22","22 (QUARTZITO para produção de areia) E 23 (QUARTZITO ROCHA ORNAMENTAL).","22 ( 50.000) E 23 (15.000) toneladas","14/09/2017","22 E 23 (04/07/2018).","Não"
"861.899/2010","FERNANDO CESAR CINTRA","ARAGUAPAZ/GO","23","GRANITO","13.500 toneladas","13/06/2012","31/03/2013","Não"
"861.905/2010","CECRISA REVESTIMENTOS CERÂMICOS S/A","ALOÂNDIA/GO, MORRINHOS/GO","3","TALCO","5.000 toneladas","23/02/2016","05/01/2017","Não"
"860.168/2011","AGROINDUSTRIAL FAZENDA MARQUESA LTDA","RIO VERDE/GO, SANTO ANTÔNIO DA BARRA/GO","205","Minério de Rocha Potássica beneficiada","300.000 toneladas","02/06/2025","3 anos","Não"
"860.262/2011","SERRA VERDE PESQUISA E MINERAÇÃO LTDA","MINAÇU/GO","55","MINÉRIO DE TERRAS RARAS","50.000 toneladas","02/10/2013","23/08/2014","Não"
"860.317/2011","INVEST RENDA, MINERAÇÃO, COMÉRCIO, IMPORTAÇÃO E EXPORTAÇÃO","ARUANÃ/GO","33","CASCALHO (33/2016) e AREIA (35/2016)","8.500 (33/2016) e 50.000(35/2016) toneladas","06/07/2016","22/12/2016","Não"
"860.326/2011","CONSTRUTORA JAD LTDA","CEZARINA/GO, EDEALINA/GO, PONTALINA/GO","76","Areia","5.000 toneladas","19/12/2013","11/09/2014","Não"
"860.326/2011","CONSTRUTORA JAD LTDA","CEZARINA/GO, EDEALINA/GO, PONTALINA/GO","55","AREIA","5.000 toneladas","08/12/2015","10/09/2016","Não"
"860.326/2011","CONSTRUTORA JAD LTDA","CEZARINA/GO, EDEALINA/GO, PONTALINA/GO","79","Areia","19.200 toneladas","17/10/2011","04/05/2012","Não"
"860.469/2011","IRENILDA DE OLIVEIRA COSTA","CORUMBÁ DE GOIÁS/GO, PIRENÓPOLIS/GO","14","QUARTZITO","50.000 toneladas","17/05/2013","31/05/2013","Não"
"860.469/2011","IRENILDA DE OLIVEIRA COSTA","CORUMBÁ DE GOIÁS/GO, PIRENÓPOLIS/GO","32","AREIA","50.000 toneladas","13/06/2013","28/11/2013","Não"
"860.560/2011","HELIO SILVESTRE DE OLIVEIRA","BURITI DE GOIÁS/GO, CÓRREGO DO OURO/GO","84","Areia","14.610 toneladas","19/12/2013","22/06/2014","Não"
"860.560/2011","HELIO SILVESTRE DE OLIVEIRA","BURITI DE GOIÁS/GO, CÓRREGO DO OURO/GO","70","AREIA","14.610 toneladas","11/12/2014","15/07/2015","Não"
"860.560/2011","HELIO SILVESTRE DE OLIVEIRA ME","BURITI DE GOIÁS/GO, CÓRREGO DO OURO/GO","21","AREIA","10.670 toneladas","06/07/2016","24/03/2017","Não"
"860.699/2011","OURO PRETO MINERAÇÃO DE BRITA LTDA","INDIARA/GO","75","GNAISSE (prod. de brita)","40.000 toneladas","11/12/2014","07/03/2015","Não"
"860.699/2011","OURO PRETO MINERAÇÃO DE BRITA LTDA","INDIARA/GO","107","Granito","40.000 toneladas","27/10/2011","02/04/2012","Não"
"860.808/2011","C A DA CRUZ EIRELI","ITAPURANGA/GO, MORRO AGUDO DE GOIÁS/GO","113","AREIA","24.000 Toneladas","24/10/2022","03 (TRÊS) ANOS","Não"
"860.839/2011","ONEDELAND NASCIMENTO TEIXEIRA NETO","SÃO JOÃO D'ALIANÇA/GO","125","AREIA","11.205 TONELADAS","23/01/2012","25/10/2012","Não"
"861.071/2011","MINERAÇÃO NOVO HORIZONTE ME","CRISTALINA/GO","5","CALCÁRIO (produção de brita)","50.000 toneladas","25/04/2018","10/04/2019","Não"
"861.232/2011","MINERAÇÃO RLRJ LTDA ME","AURILÂNDIA/GO","13","AREIA","13.000 toneladas","30/05/2014","05/12/2014","Não"
"861.249/2011","FLAVIO HENRIQUE ROSA DO PRADO","EDEALINA/GO, PONTALINA/GO","76","AREIA","30.000 toneladas","11/12/2014","23/10/2015","Não"
"861.270/2011","SYLVIO ROBERTO PEREIRA BARBOSA EIRELI ME","CORUMBÁ DE GOIÁS/GO","10","AREIA","50.000 toneladas","23/02/2016","10/02/2017","Não"
"861.272/2011","ARCAL MINERADORA LTDA EPP","ABADIÂNIA/GO","42","AREIA","25.000 toneladas","21/12/2016","10/08/2017","Não"
"861.272/2011","ARCAL MINERADORA LTDA EPP","ABADIÂNIA/GO","15","Areia","30.000 t","21/06/2018","15/06/2019","Não"
"861.287/2011","HELIO SILVESTRE DE OLIVEIRA","CÓRREGO DO OURO/GO","15","AREIA","13.133 toneladas","19/08/2015","26/02/2016","Não"
"861.353/2011","CELTON HOTTINGER RODRIGUES","IPORÁ/GO, IVOLÂNDIA/GO","44","AREIA","10.000 toneladas","26/06/2013","23/08/2013","Não"
"861.550/2011","E.G. MARCOLINO TRANSPORTE","CALDAS NOVAS/GO, IPAMERI/GO","79","Areia","19.700 toneladas","19/12/2013","19/10/2014","Não"
"861.550/2011","DRAGA CORUMBÁ LTDA ME","CALDAS NOVAS/GO, IPAMERI/GO","43","AREIA","24.000 toneladas","19/08/2015","15/04/2016","Não"
"861.550/2011","E.G. MARCOLINO TRANSPORTE","CALDAS NOVAS/GO, IPAMERI/GO","30","AREIA","19.700 toneladas","29/06/2012","14/05/2013","Não"
"861.551/2011","COMERCIO VAREJISTA E ATACADISTA DE MATERIAIS DE CONSTRUCAO LTDA","SERRANÓPOLIS/GO","124","AREIA","50.000 TONELADAS/ANO","16/12/2021","03 (TRÊS) ANOS A CONTAR DA PUBLICAÇÃO NO DIÁRIO OFICIAL DA UNIÃO","Não"
"861.554/2011","E.G. MARCOLINO TRANSPORTE","CALDAS NOVAS/GO, IPAMERI/GO","32","AREIA","13.130 toneladas","29/06/2012","14/05/2013","Não"
"861.554/2011","E.G. MARCOLINO TRANSPORTE","CALDAS NOVAS/GO, IPAMERI/GO","68","Areia","14.000 toneladas","19/12/2013","01/10/2014","Não"
"861.555/2011","E.G. MARCOLINO TRANSPORTE","CALDAS NOVAS/GO, IPAMERI/GO","80","Areia","22.980 toneladas","19/12/2013","19/10/2014","Não"
"861.555/2011","DRAGA CORUMBÁ LTDA ME","CALDAS NOVAS/GO, IPAMERI/GO","44","AREIA","24.000 toneladas","19/08/2015","15/04/2016","Não"
"861.555/2011","E.G. MARCOLINO TRANSPORTE","CALDAS NOVAS/GO, IPAMERI/GO","31","AREIA","22.980 toneladas","29/06/2012","14/05/2013","Não"
"861.622/2011","MINERADORA SANTA BARBARA LTDA ME","AVELINÓPOLIS/GO, CATURAÍ/GO, TRINDADE/GO","65","ARGILA","12.000 toneladas/ano","04/05/2021","03 (TRÊS) ANOS","Não"
"861.676/2011","SILAS DE OLIVEIRA BRANDAO","CAMPESTRE DE GOIÁS/GO, PALMEIRAS DE GOIÁS/GO","36","AREIA","11.205 toneladas","29/06/2012","10/05/2013","Não"
"861.747/2011","MG MINERAÇÃO GREEN GOLD LTDA ME","CRISTALINA/GO","35","AREIA","50.000 toneladas","24/09/2014","25/06/2015","Não"
"861.747/2011","MG MINERAÇÃO GREEN GOLD LTDA ME","CRISTALINA/GO","34","AREIA","50.000 toneladas","06/07/2016","10/06/2017","Não"
"861.786/2011","SELMA ALVES DE LELES SILVA","ITABERAÍ/GO","24","Minério de Manganês","6.000 t","17/08/2018","28/09/2019","Não"
"861.786/2011","PROFERRO MINERADORA LTDA","ITABERAÍ/GO","89","Minério de Manganes","60.000 toneladas/ano","16/04/2020","16/07/2020","Não"
"861.786/2011","PROFERRO MINERADORA EIRELI","ITABERAÍ/GO","19","Minério de Manganês","6.000 Toneladas","30/08/2019","16/07/2020","Não"
"861.786/2011","PROFERRO MINERADORA LTDA","ITABERAÍ/GO","89","Minério de Manganes","60.000 toneladas/ano","12/07/2022","3 anos","Sim"
"862.061/2011","AFRÂNIO FERREIRA FILHO & CIA LTDA ME","GOIÁS/GO","19","AREIA","9.029 toneladas","19/08/2015","21/08/2015","Não"
"862.061/2011","AFRÂNIO FERREIRA FILHO","GOIÁS/GO","63","Areia","9.000 toneladas","19/12/2013","20/09/2014","Não"
"862.061/2011","AFRÂNIO FERREIRA FILHO","GOIÁS/GO","21","AREIA","9.000 toneladas","17/05/2013","14/08/2013","Não"
"862.290/2011","KANOPUS MINERADORA LTDA ME","SILVÂNIA/GO, VIANÓPOLIS/GO","26","AREIA","5.200 toneladas","17/05/2013","20/11/2013","Não"
"862.342/2011","AREIAS CDR LTDA ME","CAVALCANTE/GO","26","AREIA","50.000 toneladas","06/07/2016","21/07/2017","Não"
"862.429/2011","ELOISA CAMARGO ME","JARAGUÁ/GO","48","AREIA","50.000 toneladas","08/12/2015","11/11/2016","Não"
"862.667/2011","MAURO LUCIO DIAS RESENDE","CATALÃO/GO, DAVINÓPOLIS/GO, OUVIDOR/GO","27","27/2014(AREIA), 28/2014(CASCALHO DIAMANTÍFERO) e 29/2014(CASCALHO AGREGADO).","27/2014 (50.000), 28/2014 (50.000) e29/2014 (8.500) toneladas","24/09/2014","10/04/2015","Não"
"862.868/2011","ALFA ROCK CONSTRUTORA LTDA","BURITI DE GOIÁS/GO, MOSSÂMEDES/GO, SANCLERLÂNDIA/GO","12","AREIA","30.000 toneladas","05/04/2013","17/01/2014","Não"
"862.868/2011","ALFA ROCK CONSTRUTORA LTDA","BURITI DE GOIÁS/GO, MOSSÂMEDES/GO, SANCLERLÂNDIA/GO","8","AREIA","30.000 toneladas","23/02/2016","16/04/2016","Não"
"862.868/2011","ALFA ROCK CONSTRUTORA LTDA","BURITI DE GOIÁS/GO, MOSSÂMEDES/GO, SANCLERLÂNDIA/GO","27","Areia","16.416 t","04/01/2018","10/10/2018","Não"
"862.889/2011","THAIS BARBOSA ROCHA","URUAÇU/GO","9","AREIA","30.000 toneladas","23/02/2016","07/08/2016","Não"
"860.378/2012","CONSTRUTORA JAD LTDA","CEZARINA/GO, EDEALINA/GO, PONTALINA/GO","34","AREIA","45.000 toneladas","19/08/2015","20/06/2016","Não"
"860.435/2012","EMERSON MARCIO TEODORO ME","CÓRREGO DO OURO/GO, FAZENDA NOVA/GO, MOIPORÁ/GO","20","AREIA","10.000 toneladas","17/05/2013","15/06/2013","Não"
"860.571/2012","AGROPECUARIA E MINERADORA REVELACAO LTDA ME","GUAPÓ/GO","50","AREIA","26.000 toneladas","24/09/2014","21/11/2014","Não"
"860.751/2012","MINERAÇÃO SUDOESTE E TRANSPORTADORA JUNIOR LTDA","INDIARA/GO, JANDAIA/GO","24","AREIA","20.000 toneladas","19/08/2015","20/02/2016","Não"
"860.989/2012","CERÂMICA CRUZEIRO LTDA","CUMARI/GO","4","ARGILA","12.000 toneladas","23/02/2016","28/10/2016","Não"
"860.989/2012","CERÂMICA CRUZEIRO LTDA","CUMARI/GO","7","ARGILA","12.000 toneladas","12/07/2017","22/09/2017","Não"
"861.045/2012","FERNANDO LOPES PEREIRA","EDEALINA/GO, PONTALINA/GO","51","AREIA","43.200 toneladas","02/09/2013","01/08/2014","Não"
"861.071/2012","LOURIVAL FERREIRA DO NASCIMENTO","GUARANI DE GOIÁS/GO, IACIARA/GO","40","AREIA","50.000 toneladas","19/08/2015","21/11/2015","Não"
"861.071/2012","LOURIVAL FERREIRA DO NASCIMENTO","GUARANI DE GOIÁS/GO, IACIARA/GO","82","82-Areia e 83-Cascalho","82- 50.000e 83-5.000 toneladas","19/12/2013","07/12/2014","Não"
"861.151/2012","DIVINO CARLOS MARQUES FERNANDES","GOIÁS/GO, ITAPIRAPUÃ/GO","12","AREIA","19.699 toneladas","06/07/2016","22/02/2017","Não"
"861.254/2012","CEC MINERADORA LTDA","AURILÂNDIA/GO, SÃO LUÍS DE MONTES BELOS/GO","10","AREIA","12.312 toneladas","14/04/2015","15/02/2016","Não"
"861.305/2012","ESPAÇO CONSTRUÇÕES E PROJETOS LTDA","MOIPORÁ/GO","21","AREIA","50.000 toneladas","19/08/2015","15/10/2015","Não"
"861.305/2012","ESPAÇO CONSTRUÇÕES E PROJETOS LTDA","MOIPORÁ/GO","71","Areia","50.000 toneladas","19/12/2013","16/10/2014","Não"
"861.307/2012","ESPAÇO CONSTRUÇÕES E PROJETOS LTDA","MOIPORÁ/GO","72","Areia","50.000 toneladas","19/12/2013","16/10/2014","Não"
"861.342/2012","AREIA BARRA AZUL EXTRAÇÃO E COMERCIO LTDA","ARAGUARI/MG, ANHANGUERA/GO, CUMARI/GO","1","AREIA","50.000 toneladas","30/05/2014","02/01/2015","Não"
"861.342/2012","AREIA BARRA AZUL EXTRAÇÃO E COMERCIO LTDA","ARAGUARI/MG, ANHANGUERA/GO, CUMARI/GO","9","AREIA","50.000 toneladas","14/04/2015","09/10/2015","Não"
"861.342/2012","AREIA BARRA AZUL EXTRAÇÃO E COMERCIO LTDA","ARAGUARI/MG, ANHANGUERA/GO, CUMARI/GO","6","Areia","50.000 t","28/05/2018","19/05/2019","Não"
"861.355/2012","MAURO SILVEIRA PINTO SOBRINHO","GOIÁS/GO","20","AREIA","22.982 toneladas","06/07/2016","28/03/2017","Não"
"861.355/2012","MAURO SILVEIRA PINTO SOBRINHO","GOIÁS/GO","39","AREIA","22.982 toneladas","19/08/2015","10/12/2015","Não"
"861.479/2012","FIVE STAR MINERAÇÃO LTDA.","OUVIDOR/GO","63","DIAMANTE (minério primário)","50.000 toneladas","23/02/2016","10/11/2017","Não"
"861.479/2012","FIVE STAR MINERAÇÃO LTDA.","OUVIDOR/GO","31","Diamante (minério primário)","50.000 t","04/01/2018","30/11/2018","Não"
"861.692/2012","DANTAS MINERIOS LTDA","GUAPÓ/GO","32","GNAISSE","50.000 toneladas","24/09/2014","10/06/2015","Não"
"861.805/2012","MINERAÇÂO E TRANSPORTES CORUMBÁ LTDA","CALDAS NOVAS/GO, MARZAGÃO/GO","36","AREIA","50.000 toneladas","24/09/2014","21/12/2014","Não"
"861.805/2012","MINERAÇÂO E TRANSPORTES CORUMBÁ LTDA","CALDAS NOVAS/GO, MARZAGÃO/GO","46","AREIA","10.000 toneladas","21/12/2016","10/09/2017","Não"
"861.805/2012","MINERAÇÂO E TRANSPORTES CORUMBÁ LTDA","CALDAS NOVAS/GO, MARZAGÃO/GO","65","AREIA","10.000 toneladas","23/02/2016","16/04/2016","Não"
"861.889/2012","GERALDO LUIZ RODRIGUES","PARANÃ/TO, CAVALCANTE/GO","4","Minério de Ouro","50.000 Toneladas","11/05/2015","11/03/2017","Não"
"861.889/2012","MINERADORA VALE DO PARANA LTDA ME","PARANÃ/TO, CAVALCANTE/GO","2","MINERIO DE OURO","50.000 TONELADAS","14/03/2018","23/03/2019","Não"
"861.999/2012","VANESSA DE ALMEIDA GOMES","SÃO LUÍS DE MONTES BELOS/GO","37","AREIA","17.007 toneladas","06/07/2016","28/01/2017","Não"
"861.999/2012","VANESSA DE ALMEIDA GOMES","SÃO LUÍS DE MONTES BELOS/GO","18","AREIA","17.007 toneladas","19/08/2015","30/03/2016","Não"
"862.033/2012","CLEMON JOSE BUENO ME","SILVÂNIA/GO","45","AREIA","12.312 toneladas","24/09/2014","11/08/2015","Não"
"866.256/2012","MINERAÇÃO J.E DIAMANTE LTDA","PONTAL DO ARAGUAIA/MT","3","Areia - Cascalho e Diamante","50.000 - 8.500 e 50.00 toneladas","28/03/2018","12/12/2019","Não"
"860.213/2013","ZANDER MACHADO XAVIER","ORIZONA/GO, PIRES DO RIO/GO","16","AREIA","50.000 toneladas","14/04/2015","08/04/2016","Não"
"860.286/2013","V & A. EXTRAÇÃO E COMÉRCIO DE AREIA E CASCALHO LTDA","SÃO PATRÍCIO/GO","13","AREIA","9.580 toneladas","12/07/2017","13/04/2018","Não"
"860.287/2013","V & A. EXTRAÇÃO E COMÉRCIO DE AREIA E CASCALHO LTDA","SÃO PATRÍCIO/GO","12","AREIA","10.670 toneladas","12/07/2017","17/04/2018","Não"
"860.290/2013","V & A. EXTRAÇÃO E COMÉRCIO DE AREIA E CASCALHO LTDA","SÃO PATRÍCIO/GO","14","AREIA","11.491 toneladas","12/07/2017","13/04/2018","Não"
"860.480/2013","COIMBRA BUENO TASSARA","PONTALINA/GO","41","AREIA","26.000 toneladas","21/12/2016","18/07/2017","Não"
"860.480/2013","COIMBRA BUENO TASSARA 02575710197","PONTALINA/GO","19","Areia","12.000 t","08/03/2022","1 (um) ano","Não"
"860.602/2013","AREIA MENEZES LTDA ME","ARAGUARI/MG, CUMARI/GO","8","Areia","50.000 t","28/05/2018","20/05/2019","Não"
"860.615/2013","GUARAMIX COMÉRCIO EXTRAÇÃO E TRANSPORTE DE MINÉRIO LTDA EPP","FORMOSA/GO","33","AREIA","50.000 toneladas","24/09/2014","02/05/2015","Não"
"860.901/2013","JOSÉ ROBERTO DELFINO DE SOUZA ME","RIO VERDE/GO","40","AREIA","12.000 toneladas","24/09/2014","07/07/2015","Não"
"861.022/2013","CEFAS MINERAÇÃO LTDA ME","JAÚ DO TOCANTINS/TO, MONTIVIDIU DO NORTE/GO","22","GRANITO","15.600 toneladas","19/08/2015","20/02/2016","Não"
"861.022/2013","CEFAS MINERAÇÃO LTDA ME","MONTIVIDIU DO NORTE/GO","276","GRANITO (ROCHA ORNAMENTAL)","16.000 TONELADAS","07/07/2020","01/07/2022","Não"
"861.022/2013","CEFAS MINERAÇÃO LTDA ME","MONTIVIDIU DO NORTE/GO","20","Granito","16.000 Toneladas","23/10/2019","02/04/2020","Não"
"861.022/2013","CEFAS MINERAÇÃO LTDA ME","JAÚ DO TOCANTINS/TO, MONTIVIDIU DO NORTE/GO","26","Granito (Pegmatito) - Rocha Ornamental","16.000 t","12/09/2018","10/09/2019","Não"
"861.119/2013","CENTRO MINERAÇÃO LTDA","SÃO JOÃO D'ALIANÇA/GO","816","Manganês","6.000 T","13/04/2020","11/02/2022","Não"
"861.202/2013","MINERADORA MAGO LTDA ME","BELA VISTA DE GOIÁS/GO","21","MICAXISTO","10.000 toneladas","14/09/2017","25/06/2018","Não"
"861.332/2013","JR EXTRAÇÃO E COMÉRCIO DE AREIA LTDA ME","CÓRREGO DO OURO/GO, SANCLERLÂNDIA/GO","7","Areia","18.058 t","09/05/2019","04/04/2020","Não"
"861.332/2013","JR EXTRAÇÃO E COMÉRCIO DE AREIA LTDA ME","CÓRREGO DO OURO/GO, SANCLERLÂNDIA/GO","53","AREIA","19.699 toneladas","08/12/2015","10/09/2016","Não"
"861.620/2013","ZEUS MINERAÇÃO LTDA.","COLINAS DO SUL/GO","81","MINÉRIO DE FERRO","300.000 toneladas","01/10/2021","03 (TRÊS) ANOS, CONTADOS A PARTIR DA PUBLICAÇÃO NO D.O.U","Não"
"861.628/2013","OURO FINO DE GOIAS MINERACAO E PARTICIPACOES S A","NIQUELÂNDIA/GO","194","MINÉRIO DE OURO","50.000 toneladas","22/04/2020","13/04/2021","Não"
"861.628/2013","OURO FINO DE GOIÁS MINERAÇÃO LTDA","NIQUELÂNDIA/GO","21","Minério de ouro","50.000 t","16/08/2018","10/08/2019","Não"
"861.648/2013","MINERAÇÃO RAVAZE LTDA ME","GOIÁS/GO","24","AREIA","13.133 toneladas","06/07/2016","15/12/2016","Não"
"861.648/2013","NEILSON GONÇALVES DE ALMEIDA JUNIOR","GOIÁS/GO","6","AREIA","21.340 toneladas","14/04/2015","10/12/2015","Não"
"861.680/2013","TIAGO ANTONIO DE SOUZA DANTAS","JUSSARA/GO, MONTES CLAROS DE GOIÁS/GO","5","AREIA","36.115 toneladas","14/04/2015","19/09/2015","Não"
"861.680/2013","TIAGO ANTONIO DE SOUZA DANTAS ME","JUSSARA/GO, MONTES CLAROS DE GOIÁS/GO","36","AREIA","32.832 toneladas","06/07/2016","13/06/2017","Não"
"861.852/2013","MINERAÇÃO RLRJ LTDA ME","AURILÂNDIA/GO, CÓRREGO DO OURO/GO","20","Areia","15.000 t","17/07/2018","16/07/2019","Não"
"861.861/2013","FORTUNA MINERAÇÃO LTDA","NOVA IGUAÇU DE GOIÁS/GO","102","MINÉRIO DE MANGANÊS","6.000 ton","07/10/2021","01 ANO E 4 MESES? (TOTAL ?DE 16 MESES)?, CONTADOS A PARTIR DA PUBLICAÇÃO NO D.O.U.","Não"
"861.871/2013","AREIAL JL LTDA ME","ITAPURANGA/GO","401","AREIA","16.580 t","24/12/2020","2","Não"
"861.871/2013","LUCENIR FLORIANA NUNES","ITAPURANGA/GO","29","AREIA","22.982 toneladas","19/08/2015","29/09/2016","Não"
"861.898/2013","VETTEL ENGENHARIA & MINERAÇÃO LTDA","ÁGUAS LINDAS DE GOIÁS/GO, COCALZINHO DE GOIÁS/GO","59","AREIA","30.000 toneladas","11/12/2014","24/03/2015","Não"
"860.100/2014","BAAHDRA STIVAL MINERAÇÃO LTDA ME","NOVA VENEZA/GO","53","AREIA","50.000 toneladas","24/09/2014","05/09/2015","Não"
"860.378/2014","TRANSPORTE E COMERCIO CANAÃ LTDA","ÁGUA LIMPA/GO, CORUMBAÍBA/GO","25","AREIA","42.000 toneladas","19/08/2015","30/04/2016","Não"
"860.405/2014","MINERAÇÃO J NETO LTDA ME","ALTO HORIZONTE/GO, MARA ROSA/GO","2016","MANGANÊS","6.000 toneladas","06/07/2016","26/01/2017","Não"
"860.405/2014","MINERAÇÃO J NETO LTDA ME","ALTO HORIZONTE/GO, MARA ROSA/GO","28","Minério de Manganês","6.000 t","04/01/2018","06/09/2018","Não"
"860.405/2014","CEMAN MINERACAO LTDA","ALTO HORIZONTE/GO","28059","MINÉRIO DE MANGANÊS","120.000 toneladas","22/12/2022","3(três) anos","Não"
"860.640/2014","CECIN SARKIS SIMÃO","PADRE BERNARDO/GO","35","Areia e Cascalho.","50.000t e 8500 t","05/12/2018","25/11/2019","Não"
"860.656/2014","NOVA ERA EXTRAÇÃO E TRANSPORTES DE AREIA LTDA ME","CEZARINA/GO, PONTALINA/GO","4","Areia","20.848 t","07/02/2020","08/01/2021","Não"
"860.656/2014","NOVA ERA EXTRAÇÃO E TRANSPORTES DE AREIA LTDA ME","CEZARINA/GO, PONTALINA/GO","41","AREIA","22.982 toneladas","19/08/2015","10/07/2016","Não"
"861.054/2014","VICTOR LEONARDO DE LIMA SOARES ME","MOSSÂMEDES/GO, SANCLERLÂNDIA/GO","38","AREIA","16.416 toneladas","06/07/2016","13/06/2017","Não"
"861.406/2014","LEVANTINA NATURAL STONE BRASIL LTDA","MONTIVIDIU DO NORTE/GO","43","GRANITO","16.000 toneladas","21/12/2016","20/07/2017","Não"
"861.406/2014","LEVANTINA NATURAL STONE BRASIL LTDA","MONTIVIDIU DO NORTE/GO","20","GRANITO (rocha ornamental)","16.000 toneladas","12/07/2017","20/06/2018","Não"
"861.406/2014","LEVANTINA NATURAL STONE BRASIL LTDA","MONTIVIDIU DO NORTE/GO","34","Granito (Rocha Ornamental)","16.000 t","30/11/2018","12/11/2019","Não"
"861.574/2014","NARAE MINERADORA LTDA.","INDIARA/GO","15","AREIA","5.000 toneladas","06/07/2016","01/03/2017","Não"
"861.603/2014","M2M COMÉRCIO DE MARMORES E GRANITOS LTDA","PORANGATU/GO","329","GRANITO (ROCHA ORNAMENTAL)","10.000 t T","18/09/2020","até 31/08/2021","Não"
"831.555/2015","MELLBER COMERCIO IMPORTACAO E EXPORTACAO LTDA","ABADIA DOS DOURADOS/MG, COROMANDEL/MG, CATALÃO/GO, DAVINÓPOLIS/GO","263","DIAMANTE","1.090 ct/ano","22/07/2025","3 anos","Não"
"860.033/2015","ROYAL MINERADORA LTDA. EPP","SÃO DOMINGOS/GO","23","CASSITERITA","300 toneladas","06/07/2016","24/09/2016","Não"
"860.037/2015","MINERAÇÃO ALAZÃO LTDA","MONTIVIDIU DO NORTE/GO","47","GRANITO (rocha ornamental)","16.000 toneladas","21/12/2016","10/11/2017","Não"
"860.037/2015","MINERAÇÃO ALAZÃO LTDA","MONTIVIDIU DO NORTE/GO","22","Granito (Rocha Ornamental)","16.000 t","17/08/2018","10/08/2019","Não"
"860.149/2015","W B S MINERAÇÃO EIRELI","SÃO JOÃO D'ALIANÇA/GO","170","MANGANES","6.000 T","02/12/2019","22/11/2020","Não"
"860.149/2015","W B S MINERAÇÃO LTDA","SÃO JOÃO D'ALIANÇA/GO","31","Minério de Manganês","6.000 t","16/11/2018","30/10/2019","Não"
"860.149/2015","MHP REPRESENTAÇÕES LTDA","SÃO JOÃO D'ALIANÇA/GO","30","Manganês","6000 t","12/12/2017","24/11/2018","Não"
"860.149/2015","FORT MINERACAO EIRELI","SÃO JOÃO D'ALIANÇA/GO","60","MINÉRIO DE MANGANÊS","6.000 t","04/05/2021","02 (DOIS) ANOS, CONTADOS A PARTIR DA PUBLICAÇÃO NO D.O.U.","Não"
"860.149/2015","FORT MINERACAO LTDA","SÃO JOÃO D'ALIANÇA/GO","16","MANGANÊS","6.000 TONELADAS","29/01/2024","36 MESES A CONTAR DA PUBLICAÇÃO NO DIÁRIO OFICIAL DA UNIÃO (VIGÊNCIA DO TCA Nº 33/2022 (SEI Nº 7047631))","Não"
"860.535/2015","LGV MINERAÇÃO LTDA","MONTES CLAROS DE GOIÁS/GO","36","ROCHA POTÁSSICA","100.000 toneladas","18/05/2021","3 ANOS","Não"
"860.581/2015","TRIANGULO MATERIAIS PARA CONSTRUÇÃO LIMITADA","ARAGUARI/MG, ANHANGUERA/GO","9","ARGILA","12.000 T","22/01/2021","01","Não"
"860.582/2015","TRIANGULO MATERIAIS PARA CONSTRUCAO LTDA","ARAGUARI/MG, ANHANGUERA/GO","22","ARGILA","12.000 t","18/02/2021","03","Não"
"860.790/2015","ESTONE'S HANGER AREIA E SIMILARES LTDA","ABADIÂNIA/GO","101","AREIA","12.000 Toneladas","05/09/2022","02 (DOIS) ANOS","Não"
"861.270/2015","ACLARA RESOURCES MINERACAO LTDA.","NOVA ROMA/GO","152","Minério de Elementos de Terras Raras","2.000 toneladas/ano.","29/04/2025","3 anos","Não"
"861.270/2015","LGV MINERAÇÃO LTDA","NOVA ROMA/GO","65","Cassiterita","300 .toneladas/ano","31/05/2022","3 (três) anos","Não"
"861.270/2015","MINERAÇÃO GNB LTDA","NOVA ROMA/GO","12","Cassiterita","300 t","20/06/2018","12/12/2018","Não"
"861.270/2015","ARX MINERAIS E METAIS DO BRASIL EIRELI","NOVA ROMA/GO","240","MINERAL CASSITERITA (MINÉRIO DE ESTANHO)","300 t","07/02/2020","18/12/2020","Não"
"861.270/2015","MINERAÇÃO GNB LTDA","NOVA ROMA/GO","48","CASSITERITA","300 toneladas","12/07/2017","30/12/2017","Não"
"861.298/2015","THIAGO NETO DE REZENDE","MONTE ALEGRE DE GOIÁS/GO","29","Cassiterita","600 t","04/01/2018","20/11/2018","Não"
"861.298/2015","T.L.LOPES E CIA LTDA ME","MONTE ALEGRE DE GOIÁS/GO","6","CASSITERITA","600 t","22/01/2021","01","Não"
"861.298/2015","T.L.LOPES E CIA LTDA ME","MONTE ALEGRE DE GOIÁS/GO","97","CASSITERITA (MINÉRIO DE ESTANHO)","300 t/ano","06/04/2023","03 (TRÊS) ANOS A CONTAR DA PUBLICAÇÃO NO DIÁRIO OFICIAL DA UNIÃO","Não"
"861.312/2015","JEAN DE GARDIN RIBEIRO CHAGAS ME","CRISTALINA/GO","32","Areia","50.000 t","04/01/2018","10/12/2018","Não"
"861.372/2015","MC4 MINERAÇÕES LTDA","CAVALCANTE/GO","33","Minério de Manganês","6.000 t","30/11/2018","13/11/2019","Não"
"861.482/2015","JM DA SILVA II - FIRMA INDIVIDUAL","PLANALTINA/GO","43","AREIA","50.000 t","24/03/2021","01 (UM) ANO","Não"
"860.184/2016","JERIBA MINERACAO DE PEDRAS ORNAMENTAIS, EXTRACAO, IMPORTACAO E EXPORTACAO LTDA","CRIXÁS/GO","111","DIABÁSIO (REVESTIMENTO)","16.000 TONELADAS","28/05/2024","3 anos","Não"
"860.362/2016","MENDES AREIA E CASCALHO LTDA","LUZIÂNIA/GO","98","Areia (agregados)","50.000 Toneladas","09/05/2024","3 anos","Não"
"860.430/2016","MONTE SIÃO MINERAÇÃO EIRELI","PORANGATU/GO","45","GRANITO (ROCHA ORNAMENTAL)","15.600 t","24/03/2021","03 (TRÊS) ANOS,","Não"
"860.430/2016","MONTE SIÃO MINERAÇÃO EIRELI","PORANGATU/GO","202","GRANITO (ROCHA ORNAMENTAL)","15.600 toneladas","28/05/2020","17/04/2021","Não"
"860.542/2016","MARTINS & ANDRADE NEGÓCIOS IMOBILIARIOS LTDA","ÁGUA FRIA DE GOIÁS/GO","27","Cascalho","8.500 t","15/10/2018","26/04/2019","Não"
"860.815/2016","CENTRO MINERAÇÃO LTDA","CAVALCANTE/GO","17","Minério de Manganês","6.000 t","09/07/2018","01/06/2019","Não"
"860.816/2016","CENTRO MINERAÇÃO LTDA","CAVALCANTE/GO","18","Minério de Manganês","6.000 t","09/07/2018","01/06/2019","Não"
"860.946/2016","MINERADORA PVS EIRELI ME","MINAÇU/GO","11","Areia","50.000 t","06/06/2018","20/01/2019","Não"
"860.946/2016","DOMINGOS PEREIRA DA SILVA","MINAÇU/GO","1","Areia","50.000 t","30/01/2018","20/01/2019","Não"
"860.946/2016","MINERADORA PVS EIRELI ME","MINAÇU/GO","1","Areia","50.000 Toneladas","30/08/2019","02/03/2020","Não"
"861.137/2016","RIO GRANITO LTDA","JARAGUÁ/GO","7","Granito","16.000 t","28/05/2018","20/05/2019","Não"
"861.251/2016","MINERAÇÃO PEDRAS MIL LTDA ME","CAVALCANTE/GO","56","Quatzito","3.600 t","13/04/2021","03 anos","Não"
"861.256/2016","PEGRAN MINERACAO LTDA","MONTE ALEGRE DE GOIÁS/GO","118","MÁRMORE","10.000 Toneladas","24/10/2022","03 (TRÊS) ANOS","Não"
"861.350/2016","RIO GRANITO LTDA","NOVA ROMA/GO","114","MÁRMORE","10.000 TONELADAS/ANO","12/11/2021","03 (TRÊS) ANOS, CONTADOS A PARTIR DA PUBLICAÇÃO NO D.O.U.","Não"
"861.427/2016","GONÇALVES E ALMEIDA LTDA ME","AURILÂNDIA/GO, CÓRREGO DO OURO/GO","21","Areia","26.101 t","02/09/2019","22/05/2020","Não"
"861.427/2016","GONÇALVES E ALMEIDA LTDA ME","AURILÂNDIA/GO, CÓRREGO DO OURO/GO","16","Areia","24.624 t","09/07/2018","27/06/2019","Não"
"861.497/2016","GREGÓRIO VASSILIVE FERREIRA","SÃO SIMÃO/GO","2","Cascalho","8.500 Toneladas","25/03/2019","07/02/2020","Não"
"831.426/2017","NADICE MARIA PEREIRA SOUZA","CACHOEIRA DOURADA/MG, CAPINÓPOLIS/MG, CACHOEIRA DOURADA/GO","249","AREIA (Agregado na construção civil)-CASCALHO aurífero  ( uso industrial)-CASCALHO diamantífero (uso industrial)","45.000 toneladas/ano-1.000 toneladas/ano com teor de 0,66g/t - 11.000 toneladas/ano com teor de 0,0154 ct/m³","27/07/2021","3 ANOS (a partir de sua publicação. Eficácia a partir da Emissão da Licença Ambiental)","Não"
"860.041/2017","VALTUIR CONSTANTINO SANTIAGO","SANCLERLÂNDIA/GO","61","Areia e Cascalho","50.000 t/ano (Areia) e 8.500 t/ano (Cascalho) t","04/04/2022","03 (TRÊS) ANOS, CONTADOS A PARTIR DA PUBLICAÇÃO NO D.O.U.","Não"
"860.257/2017","NATALIA ANDRADE RIBEIRO NR MINERAÇÃO","CRISTALINA/GO","1","AREIA e QUARTZO","50.000 t/ano (areia) e 4.000 t/ano (quartzo)","21/01/2022","1 ano a contar da publicação no DOU","Não"
"860.257/2017","GILDOMAR GONÇALVES RIBEIRO","CRISTALINA/GO","5","Areia","50.000 Toneladas","22/04/2019","20/12/2019","Não"
"860.301/2017","ACLARA RESOURCES MINERACAO LTDA.","NOVA ROMA/GO","151","Minério de Elementos de Terras Raras","2.000 toneladas/ano","29/04/2025","3 anos","Não"
"860.344/2017","NATALIA ANDRADE RIBEIRO NR MINERAÇÃO","CRISTALINA/GO","28","Areia e Quartzo","50.000 e 4.000 t","29/10/2018","15/10/2019","Não"
"860.344/2017","NATALIA ANDRADE RIBEIRO NR MINERAÇÃO","CRISTALINA/GO","181","Areia","50.000 Toneladas","09/12/2019","29/11/2020","Não"
"860.439/2017","GUIDONI ORNAMENTAL ROCKS LTDA.","CAMPINAÇU/GO","85","Quartzito","16.000 T","03/03/2020","26/07/2021","Não"
"860.439/2017","GUIDONI ORNAMENTAL ROCKS LTDA","CAMPINAÇU/GO","12","Quartzito e Quartzo","16.000 t/ano","10/02/2022","3 anos","Não"
"860.448/2017","AMA GOLD LTDA","ISRAELÂNDIA/GO","26","MINÉRIO DE OURO","50.000 TONELADAS","29/01/2024","36 MESES A CONTAR DA PUBLICAÇÃO NO DIÁRIO OFICIAL DA UNIÃO","Não"
"860.571/2017","AREIAL J. R LTDA","GOIÁS/GO, MATRINCHÃ/GO","21","Areia","50.000 t/ano","08/03/2022","3 (três) anos","Não"
"860.841/2017","MINERACAO MAROTO LTDA","CAVALCANTE/GO, TERESINA DE GOIÁS/GO","103","QUARTZITO (ROCHA ORNAMENTAL)","16.000 ton","07/10/2021","03 (TRÊS) ANOS, CONTADOS A PARTIR DA PUBLICAÇÃO NO D.O.U.","Não"
"860.885/2017","VERMONT MINERAÇÃO EXPORTAÇÃO E IMPORTAÇÃO LTDA.","URUAÇU/GO","316","QUARTZO (uso ornamental)","16.000 T/ANO","15/09/2025","3 anos","Não"
"864.231/2017","ENGEMID CONSTRUÇÃO E MINERAÇÃO LTDA ME","JAÚ DO TOCANTINS/TO, MONTIVIDIU DO NORTE/GO","5","MINÉRIO DE OURO","50.000,00 TONELADAS","08/09/2020","19/06/2021","Não"
"864.231/2017","M P LANCA MINERADORA","JAÚ DO TOCANTINS/TO, MONTIVIDIU DO NORTE/GO","5","MINÉRIO DE OURO","50.000,00 TONELADAS","07/02/2023","3 anos","Sim"
"860.002/2018","SETA MINERACAO LTDA","JATAÍ/GO, RIO VERDE/GO","37","Areia","43.776 t/ano","04/04/2022","3 (três) anos","Não"
"860.089/2018","LUCIANO BORTHOLACCI DE SOUZA","","338","","","27/10/2020","1 ano","Sim"
"860.089/2018","MINERACAO CORDILHEIRA LTDA","URUAÇU/GO","68","QUARTZO (rochas ornamentais e de revestimentos - silicatadas)","6.664,75 T/ANO","20/03/2026","3 anos","Não"
"860.089/2018","LUCIANO BORTHOLACCI DE SOUZA","URUAÇU/GO","13","QUARTZO (Rocha Ornamental)","16.000 Toneladas","28/06/2019","31/05/2020","Não"
"860.216/2018","MINERACAO BARRIGUDA LTDA","SÃO DOMINGOS/GO","42","Minério de Ouro","50.000 t/ano","03/05/2022","3 (três) anos","Não"
"860.244/2018","ALFA E OMEGA MINERAÇÃO LTDA ME","NIQUELÂNDIA/GO","36","Quartzo (rocha ornamental)","12.480 t/ano","04/04/2022","1 (um) ano","Não"
"860.288/2018","ARENAN EXTRAÇÃO E COMÉRCIO DE AREIA LTDA","CRISTALINA/GO, LUZIÂNIA/GO","140","Areia","50.000 toneladas","16/12/2021","03 (TRÊS) ANOS A CONTAR DA PUBLICAÇÃO NO DIÁRIO OFICIAL DA UNIÃO","Não"
"860.289/2018","ARENAN EXTRAÇÃO E COMÉRCIO DE AREIA LTDA","CRISTALINA/GO, LUZIÂNIA/GO","66","AREIA","50.000 toneladas/ano","14/05/2021","03 (TRÊS) ANOS","Não"
"860.300/2018","PHAYFER MINÉRIOS DO BRASIL EXPORTAÇÃO E IMPORTAÇÃO EIRELI","TORIXORÉU/MT, BALIZA/GO","29","CASCALHO DIAMANTÍFERO","50.000 t","16/03/2021","01","Não"
"860.323/2018","ARTHUR PACHECO DOS SANTOS","CAMPINAÇU/GO","32","MÁRMORE (rocha ornamental)","10.000 T/ANO","17/02/2025","3 anos","Não"
"860.403/2018","GUIDONI ORNAMENTAL ROCKS LTDA.","MINAÇU/GO","17","Quartzito","16.000 Toneladas","30/08/2019","04/10/2020","Não"
"860.433/2018","HERMINEA DUARTE DA SILVA","CRIXÁS/GO","44","GRANITO","16.000 t","24/03/2021","03 (TRÊS) ANOS","Não"
"860.743/2018","A R DA SILVA - AREIAL SERRADINHO","SANCLERLÂNDIA/GO, SÃO LUÍS DE MONTES BELOS/GO","33","Areia","26.703 t/ano","04/04/2022","3 (três) anos","Não"
"860.904/2018","CALCÁRIO VALE DO ARAGUAIA LTDA","FAINA/GO","49","CALCÁRIO DOLOMÍTICO","180.000 toneladas","01/10/2021","3 anos","Não"
"860.905/2018","JAIR BUENO DA SILVA 14711770178","CRIXÁS/GO, GUARINOS/GO","87","AREIA","50.000 TONELADAS/ANO","16/12/2021","03 (TRÊS) ANOS, CONTADOS A PARTIR DA PUBLICAÇÃO NO D.O.U.","Não"
"860.916/2018","MARBELLE BRAZIL LTDA","MINAÇU/GO","33","GRANITO","16.000 T/ANO","17/02/2025","1 ano","Não"
"860.061/2019","PANCIERI ROCHAS DO BRASIL LTDA","COLINAS DO SUL/GO","18","XISTO (ROCHA ORNAMENTAL)","4.000 Toneladas","10/02/2023","3 anos","Não"
"860.082/2019","CALFORTE BENEFICIAMENTO DE CALCÁRIO LTDA","COCALZINHO DE GOIÁS/GO, VILA PROPÍCIO/GO","105","CALCÁRIO","20.000 Toneladas","09/09/2022","03 (TRÊS) ANOS","Não"
"860.113/2019","AREIAL J. R LTDA","GOIÁS/GO, MATRINCHÃ/GO","31","Areia","50.000 toneladas","18/03/2022","3 (três) anos","Não"
"860.146/2019","LEVI ANTÔNIO DE SOUZA","NIQUELÂNDIA/GO","97","QUARTZO INDUSTRIAL","4.000 ton","01/10/2021","03(três) anos","Não"
"860.180/2019","TRES IPES EXPLORACAO MINERAL LTDA","ANICUNS/GO","125","MINÉRIO DE MANGANÊS, MINÉRIO DE FERRO","6.000 t/ano (MINÉRIO DE MANGANÊS) e 300.000 t/ano (MINÉRIO DE FERRO) T/ANO","16/12/2021","03 (TRÊS) ANOS A CONTAR DA PUBLICAÇÃO NO DIÁRIO OFICIAL DA UNIÃO","Não"
"860.208/2019","SETA MINERACAO LTDA","SÃO SIMÃO/GO","112","CASCALHO","8.500 TONELADAS","12/11/2021","03 (TRÊS) ANOS, CONTADOS A PARTIR DA PUBLICAÇÃO NO D.O.U.","Não"
"860.221/2019","GF GOLD MINERACAO EIRELI","NIQUELÂNDIA/GO","7","Minério de Ouro","50.000 t/ano","21/01/2022","3 anos","Não"
"860.241/2019","METAL COMPANY EXTRAÇÃO, BENEFICIAMENTO, COMERCIO, EXPORTAÇÃO E IMPORTAÇÃO LTDA","NIQUELÂNDIA/GO","21","MINÉRIO DE MANGANÊS","6.000 T","18/02/2021","01","Não"
"860.308/2019","BL-EXTRACAO DE AREIA LTDA","CÓRREGO DO OURO/GO, MOIPORÁ/GO","89","Areia","50.000 Toneladas","09/05/2024","3 anos","Não"
"860.349/2019","MINERACAO CORCOVADO DE MINAS LTDA","NOVA ROMA/GO","20","Mármore","10.000 t","08/03/2022","1 (um) ano","Não"
"860.349/2019","MINERACAO CORCOVADO DE MINAS LTDA","NOVA ROMA/GO","20","Mármore","10.000 t","24/06/2025","1 ano","Sim"
"860.384/2019","GONÇALVES E ALMEIDA LTDA ME","JATAÍ/GO","63","AREIA","24.077 toneladas/ano","04/05/2021","03 (TRÊS) ANOS","Não"
"860.469/2019","EROTIDES DE SOUZA FILHO","CRIXÁS/GO","64","MINÉRIO DE OURO","50.000 TONELADAS","11/03/2024","36 MESES A CONTAR DA PUBLICAÇÃO NO DIÁRIO OFICIAL DA UNIÃO","Não"
"860.562/2019","SAVANA MINERIOS E MINERAIS LTDA","CAMPINAÇU/GO, MINAÇU/GO","64","Quartzito","16.000 toneladas","31/05/2022","1 (um) ano","Não"
"860.677/2019","GF GOLD MINERACAO EIRELI","NIQUELÂNDIA/GO","99","Minério de Ouro","50.000 ton","01/10/2021","01(um) ano","Não"
"860.677/2019","CENTRO OESTE GOLD MINE S.A.","NIQUELÂNDIA/GO","99","Minério de Ouro","50.000 ton","28/02/2025","1 ano","Sim"
"860.677/2019","GF GOLD MINERACAO EIRELI","NIQUELÂNDIA/GO","330","MINÉRIO DE OURO","50.000 T","01/10/2020","até 01/09/2021","Não"
"860.764/2019","ANNA ISADORA COIMBRA DE OLIVEIRA","NIQUELÂNDIA/GO","117","MINÉRIO DE OURO","50.000 Toneladas","15/09/2025","3 anos","Sim"
"860.764/2019","ANNA ISADORA COIMBRA DE OLIVEIRA","NIQUELÂNDIA/GO","117","MINÉRIO DE OURO","50.000 Toneladas","24/10/2022","03 (TRÊS) ANOS","Não"
"860.867/2019","CLÁUDIO DORNELAS GONÇALVES","CAIAPÔNIA/GO, PEROLÂNDIA/GO","98","DIAMANTE (BENEFICIADO)","30.000 m3","05/09/2022","01 (UM) ANO","Não"
"860.898/2019","SSR - COMERCIO E BENEFICIAMENTO DE MINERIOS LTDA","MINAÇU/GO, TROMBAS/GO","114","GRANITO  (ROCHA ORNAMENTAL)","16.000 Toneladas","24/10/2022","03 (TRÊS) ANOS","Não"
"860.908/2019","MARCELLO CAPONE EIRELI","FORMOSA/GO","71","Cascalho","8.500 t","21/06/2022","1 (um) ano","Não"
"860.025/2020","COMPANHIA DE PARTICIPACOES MINERARIAS","CRISTIANÓPOLIS/GO, PIRES DO RIO/GO, SÃO MIGUEL DO PASSA QUATRO/GO, VIANÓPOLIS/GO","155","MINÉRIO DE OURO","50.000 T/ANO","15/05/2025","3 anos","Não"
"860.059/2020","SDM DO BRASIL MINERACAO AU LTDA","NIQUELÂNDIA/GO","488","MINÉRIO DE OURO","50.000 TONELADAS","11/03/2024","ATÉ 30/09/2024 A CONTAR DA PUBLICAÇÃO NO DIÁRIO OFICIAL DA UNIÃO","Não"
"860.059/2020","EDMUNDO DOS ANJOS AZEVEDO","NIQUELÂNDIA/GO","348","MINÉRIO DE OURO","50.000 T","01/10/2020","01 (UM) ANOS A PARTIR DE SUA EMISSÃO DA LICENÇA AMBIENTAL A SER APRESENTADA PELO TITULAR.","Não"
"860.221/2020","VALE DA SERRA MINERACAO LTDA","URUAÇU/GO","347","Minério de Manganês","6.000 T","01/10/2020","01 (UM) ANO A PARTIR DA EMISSÃO DA LICENÇA AMBIENTAL A SER APRESENTADA PELO TITULAR.","Não"
"860.221/2020","VALE DA SERRA MINERACAO LTDA","URUAÇU/GO","43","Minério de manganês","6.000 t","03/05/2022","1 (um) ano","Não"
"860.236/2020","GVSA MINERADORA LTDA","GOIÁS/GO","59","MINÉRIO DE OURO e AREIA","50.000 t/ano (Minério de Ouro) e 50.000 t/ano (Areia) t","04/05/2021","19/06/2023","Não"
"860.333/2020","ARERRIOS MINERACAO E TRANSPORTE LTDA","GOIÁS/GO","107","AREIA","22.982 Toneladas","12/09/2022","03 (TRÊS) ANOS","Não"
"860.383/2020","PORTO RICO EXTRAÇÃO DE AREIA LTDA","PIRENÓPOLIS/GO","20","AREIA","50.000 T","18/02/2021","01","Não"
"860.399/2020","PHANTHOM GREEN MINERADORA LTDA-ME","NIQUELÂNDIA/GO, VILA PROPÍCIO/GO","269","AREIA (USO AGREGADO EM CONSTRUÇÃO CIVIL)","36.000 TONELADAS","02/08/2024","3 anos","Não"
"860.414/2020","JG AREIAS ARGILAS E BRITAS LTDA","SILVÂNIA/GO, VIANÓPOLIS/GO","15","Areia","36.000 Toneladas","30/01/2023","1 (um) ano.","Não"
"860.416/2020","PANTANAL EXTRACAO DE AREIA LTDA","GOIÁS/GO, ITAPIRAPUÃ/GO","8","AREIA (agregrado)","35.000 TONELADAS","11/03/2024","36 MESES A CONTAR DA PUBLICAÇÃO NO DIÁRIO OFICIAL DA UNIÃO (VIGÊNCIA DA LICENÇA AMBIENTAL EXTRAORDINÁRIA Nº 20231798 (SEI nº 6790813)","Não"
"860.423/2020","VALE DA SERRA MINERACAO LTDA","CAMPINAÇU/GO, MINAÇU/GO","231","MINÉRIO DE FERRO","300.000 T/ANO","24/06/2025","3 anos","Não"
"860.517/2020","EDIVALDO ALVES SILVA","ITAPURANGA/GO","151","AREIA","23.978 TONELADAS","06/04/2023","36 MESES A CONTAR DA PUBLICAÇÃO NO DIÁRIO OFICIAL DA UNIÃO","Não"
"860.536/2020","OLAF WINKING","CRISTALINA/GO","18","Areia e Quartzo","50.000t e 4.000 t","18/02/2021","01","Não"
"860.668/2020","SERGIO HENRIQUE CANUTO DE OLIVEIRA","PIRENÓPOLIS/GO","115","MINÉRIO DE OURO","50.000 Toneladas","24/10/2022","03 (TRÊS) ANOS","Não"
"860.065/2021","ELIAS EDUARDO DIAS NASCIMENTO","CAIAPÔNIA/GO","32","Areia","26.703 t/ano","04/04/2022","3 (três) anos","Não"
"860.071/2021","RAFAEL ESTEVES BERNARDES","GOIÁS/GO","255","AREIA (AGREGRADO),  QUARTZITO (Rochas ornamentais e de revestimentos - silicatadas)","AREIA 50.000, QUARTZITO 16.000 TONELADAS","21/06/2024","3 anos","Não"
"860.202/2021","JOAO BATISTA SILVA PAIVA","FAINA/GO","443","OURO (USO INDUSTRIAL)","50.000 Toneladas","18/10/2024","3 anos","Não"
"860.433/2021","PEDRO ELIAS FERREIRA LIMA","SANTA TEREZINHA DE GOIÁS/GO, UIRAPURU/GO","106","AREIA","24.000 Toneladas","12/09/2022","03 (TRÊS) ANOS","Não"
"860.433/2021","PEDRO ELIAS FERREIRA LIMA  LTDA","SANTA TEREZINHA DE GOIÁS/GO, UIRAPURU/GO","193","AREIA","24.000 T/ANO","13/08/2026","3 anos","Não"
"860.449/2021","MINERADORA MUQUEM LTDA","CALDAS NOVAS/GO, IPAMERI/GO, PIRES DO RIO/GO","216","AREIA (agregado)","36.000 T/ANO","24/06/2025","1 ano","Não"
"860.491/2021","GOLD BLACK MINERACAO LTDA","MONTE ALEGRE DE GOIÁS/GO","374","MINÉRIO DE ESTANHO (cassiterita)","300 T/ANO","05/12/2025","3 anos","Não"
"860.522/2021","JOSE RENES GOMES DE OLIVEIRA","NIQUELÂNDIA/GO","197","MANGANÊS","6.000 TONELADAS","02/08/2023","36 MESES A CONTAR DA PUBLICAÇÃO NO DIÁRIO OFICIAL DA UNIÃO","Não"
"860.530/2021","JOAO SEBASTIAO NETO","CAMPESTRE DE GOIÁS/GO, SANTA BÁRBARA DE GOIÁS/GO, TRINDADE/GO","90","Argila","12.000 t","04/04/2022","1 (um) ano","Não"
"860.532/2021","MBT MINERACAO SPE LTDA","CRIXÁS/GO","141","MINÉRIO DE OURO e AREIA","50.000 t/ano de Minério de Ouro,  50.000 t/ano de Areia","22/05/2026","3 anos","Não"
"860.554/2021","FORTALEZA MINERADORA LTDA","MOSSÂMEDES/GO, SANCLERLÂNDIA/GO","85","AREIA (AGREGADO)","24.000 t/ano","28/07/2022","03 (TRÊS) ANOS","Não"
"860.567/2021","MINERADORA GOLD DIESEL LTDA","GUARINOS/GO, SANTA TEREZINHA DE GOIÁS/GO","113","MINÉRIO DE OURO","50.000 TONELADAS","24/06/2025","3 anos","Sim"
"860.567/2021","MINERADORA GOLD DIESEL EIRELI","GUARINOS/GO, SANTA TEREZINHA DE GOIÁS/GO","113","MINÉRIO DE OURO","50.000 TONELADAS","07/10/2021","03 (TRÊS) ANOS, CONTADOS A PARTIR DA PUBLICAÇÃO NO D.O.U.","Não"
"860.569/2021","MINERADORA GOLD DIESEL LTDA","SANTA TEREZINHA DE GOIÁS/GO","243","MINÉRIO DE OURO","50.000 T/ANO","15/09/2025","3 anos","Não"
"860.600/2021","MINERACAO 2M LTDA","ABADIÂNIA/GO","232","AREIA","50.000 T/ANO","24/06/2025","3 anos","Não"
"860.703/2021","CARLINHOS JOSE DA MATA","SANCLERLÂNDIA/GO, SÃO LUÍS DE MONTES BELOS/GO","2","Areia","13.333 t/ano","21/01/2022","3 anos","Não"
"860.820/2021","DUNAS AREIAS LTDA","BURITI DE GOIÁS/GO, SANCLERLÂNDIA/GO","136","AREIA","15.322 TONELADAS","28/05/2024","3 anos","Não"
"860.832/2021","MINERACAO RG LTDA","BURITI DE GOIÁS/GO, SANCLERLÂNDIA/GO","215","AREIA","15.322 TONELADAS","10/10/2023","36 MESES A CONTAR DA PUBLICAÇÃO NO DIÁRIO OFICIAL DA UNIÃO","Não"
"860.840/2021","MAMBORE AGROPECUARIA LTDA","ARAGUAPAZ/GO, FAINA/GO","123","AREIA","26.700 Toneladas","13/10/2022","03 (TRÊS) ANOS","Não"
"860.972/2021","ANTONIO LACERDA SILVA","MINEIROS/GO, SERRANÓPOLIS/GO","141","AREIA","30.000 Toneladas","08/12/2022","03 (TRÊS) ANOS","Não"
"861.016/2021","TOMAS FERREIRA DIVULGACOES LTDA","BOM JESUS DE GOIÁS/GO, GOUVELÂNDIA/GO, INACIOLÂNDIA/GO","130","AREIA","36.000 Toneladas","16/11/2022","03 (TRÊS) ANOS","Não"
"861.065/2021","BRUNO CARVALHO FONSECA PEREIRA","PIRENÓPOLIS/GO","96","MINÉRIO DE OURO  e AREIA","50.000 t/ano (MINÉRIO DE OURO) e 50.000 t/ano (AREIA para uso na construção civil?) TONELADAS","11/03/2024","03 (TRÊS) ANOS A CONTAR DA PUBLICAÇÃO NO DIÁRIO OFICIAL DA UNIÃO","Não"
"861.088/2021","CARMO SOUSA SANTANA JUNIOR","JATAÍ/GO","13","Areia","46.621 t/ano","10/02/2022","3 anos","Não"
"861.142/2021","AREIAL DUNAS LTDA","CÓRREGO DO OURO/GO, SANCLERLÂNDIA/GO","334","Areia","40.493 Toneladas","10/10/2023","03 (tres) anos","Não"
"861.143/2021","M2M COMÉRCIO DE MARMORES E GRANITOS LTDA","PORANGATU/GO","27","GRANITO","10.000 TONELADAS","29/01/2024","36  MESES A CONTAR DA PUBLICAÇÃO NO DIÁRIO OFICIAL DA UNIÃO","Não"
"861.161/2021","R MOSQUETTA MINERACAO","CRISTALINA/GO","137","AREIA","33.783 Toneladas","16/11/2022","03 (TRÊS) ANOS","Não"
"861.170/2021","CLEBER DE SOUZA CUNHA","CAIAPÔNIA/GO, IVOLÂNDIA/GO, PALESTINA DE GOIÁS/GO","14","Areia","30.643 t/ano","10/02/2022","3 anos","Não"
"861.172/2021","PAULO HENRIQUE VERISSIMO MONTEIRO","SANTA CRUZ DE GOIÁS/GO","19","AREIA","24.000 Toneladas","10/02/2023","1 ano","Não"
"861.224/2021","VENEZA STONES LTDA","CAMPINAÇU/GO","99","MÁRMORE (ROCHA REVESTIMENTO)","10.000 T/ANO","15/05/2025","3 anos","Não"
"861.229/2021","SAVANA MINERIOS E MINERAIS LTDA","NIQUELÂNDIA/GO","108","QUARTZITO (ROCHA ORNAMENTAL)","16.000 Toneladas","15/09/2025","3 anos","Sim"
"861.229/2021","SAVANA MINERIOS E MINERAIS LTDA","NIQUELÂNDIA/GO","108","QUARTZITO (ROCHA ORNAMENTAL)","16.000 Toneladas","14/09/2022","03 (TRÊS) ANOS","Não"
"861.229/2021","SAVANA MINERIOS E MINERAIS LTDA","NIQUELÂNDIA/GO","108","QUARTZITO (ROCHA ORNAMENTAL)","16.000 Toneladas","14/09/2022","03 (TRÊS) ANOS","Não"
"861.272/2021","SPE L2MR LTDA","VILA PROPÍCIO/GO","422","MINÉRIO DE OURO","50.000 T/ANO","05/12/2025","3 anos","Não"
"861.297/2021","BRUNO CARVALHO FONSECA PEREIRA","PIRENÓPOLIS/GO","4","Minério de Ouro","50.000 t/ano","07/03/2025","3 anos","Sim"
"861.297/2021","BRUNO CARVALHO FONSECA PEREIRA","PIRENÓPOLIS/GO","4","Minério de Ouro","50.000 t/ano","21/01/2022","3 anos","Não"
"861.429/2021","CARMO SOUSA SANTANA JUNIOR","JATAÍ/GO","11","AREIA","15.322 Toneladas","10/01/2023","36 MESES","Não"
"861.507/2021","MINERACAO AZUL TROPICAL LTDA","GOIÁS/GO","70","QUARTZITO (ROCHA ORNAMENTAL)","15.840 T/ANO","15/05/2025","3 anos","Não"
"861.528/2021","RUBENS ANTONIO MUNHOZ","NIQUELÂNDIA/GO","70","","50.000 t/ano (Minério de Ouro), 50.000 t/ano (Areia), 8.500 t/ano (Cascalho)","21/06/2022","2 (dois) anos","Não"
"861.559/2021","E2 MINERAIS E FERTILIZANTES LTDA","MUNDO NOVO/GO","232","Rocha potássica e rocha fosfática","300.000 toneladas por ano.","20/05/2024","3 anos","Não"
"861.790/2021","FABIO DE CASTRO MOURA","MONTE ALEGRE DE GOIÁS/GO","72","Minério de Ouro","50.000 t/ano","21/06/2022","3 (três) anos","Não"
"864.536/2021","ALICÉRIO LUIZ CORRÊA","PARANÃ/TO, CAVALCANTE/GO","365","Minério de Manganês","6.000 Toneladas","26/09/2023","03 (três) anos","Não"
"860.042/2022","RONIN AGROPASTORIL, EXTRACAO MINERAL E COMERCIALIZACAO LTDA","NIQUELÂNDIA/GO","12","MINÉRIO DE OURO","50.000 TONELADAS","29/01/2024","ATÉ 09/03/2025 (VIGÊNCIA DO ALVARÁ DE PESQUISA)","Não"
"860.047/2022","RONIN AGROPASTORIL, EXTRACAO MINERAL E COMERCIALIZACAO LTDA","NIQUELÂNDIA/GO","","MINÉRIO DE OURO","50.000 TONELADAS","29/01/2024","ATÉ 09/03/2025 (VIGÊNCIA DO ALVARÁ DE PESQUISA)","Não"
"860.143/2022","DISTRIBUIDORA DE AREIA JOMA LTDA","CACHOEIRA DE GOIÁS/GO","18","AREIA","40.000 T/ANO","27/01/2026","2 anos","Não"
"860.145/2022","ZILMONJOSE DA SILVA","CATURAÍ/GO, GOIANIRA/GO, TRINDADE/GO","112","AREIA","9.000 Toneladas","16/03/2023","3 anos","Não"
"860.160/2022","MINERART MINERACOES LTDA","CALDAZINHA/GO","98","MINÉRIO DE OURO","50.000 T/ANO","15/05/2025","3 anos","Não"
"860.184/2022","RONIN AGROPASTORIL, EXTRACAO MINERAL E COMERCIALIZACAO LTDA","NIQUELÂNDIA/GO","15","MINÉRIO DE OURO","50.000 TONELADAS","29/01/2024","ATÉ 01/04/2025 (VIGÊNCIA DO ALVARÁ DE PESQUISA)","Não"
"860.187/2022","RONIN AGROPASTORIL, EXTRACAO MINERAL E COMERCIALIZACAO LTDA","NIQUELÂNDIA/GO","10","MINÉRIO DE OURO, AREIA (agregado), CASCALHO (agregado)","MINÉRIO DE OURO: 50.000 TONELADAS, AREIA: 50.000 TONELADAS, CASCALHO: 8.500 TONELADAS Toneladas","29/01/2024","36 MESES A CONTAR DA PUBLICAÇÃO NO DIÁRIO OFICIAL DA UNIÃO","Não"
"860.196/2022","MINERACAO SANTA RITA LTDA","CRIXÁS/GO","1","AREIA","30.000 TONELADAS","28/05/2024","3 anos","Não"
"860.198/2022","MINERACAO SANTA RITA LTDA","CRIXÁS/GO, GUARINOS/GO","5901","AREIA (agregado)","49.992 TONELADAS","30/01/2024","36 MESES","Não"
"860.199/2022","MINERACAO SANTA RITA LTDA","CRIXÁS/GO, GUARINOS/GO","112","AREIA","30.000 Toneladas","24/10/2022","03 (TRÊS) ANOS","Não"
"860.220/2022","F. G. MINERACAO E TRANSPORTE LTDA","SILVÂNIA/GO","11","AREIA (agregado)","48.898 TONELADAS","29/01/2024","36 MESES","Não"
"860.225/2022","CAMPINORTE MINERAÇÃO S.A","CAMPINORTE/GO, URUAÇU/GO","214","MINÉRIO DE OURO","50.000 T/ANO","24/06/2025","3 anos","Não"
"860.514/2022","GRANIBAN GRANITOS BANANAL LTDA","NIQUELÂNDIA/GO","270","QUARTZO (PARA REVESTIMENTO), QUARTZITO (PARA REVESTIMENTO)","4.000 , 16.000 TONELADAS","02/08/2024","3 anos","Não"
"860.552/2022","PAULO RICARDO VAN DER LAAN","PORANGATU/GO","112","AREIA (agregado)","50.000 TONELADAS","28/05/2024","3 anos","Não"
"860.593/2022","DIVINO CARLOS MARQUES FERNANDES","GOIÁS/GO","9","AREIA (agregado)","24.000 TONELADAS","29/01/2024","36 MESES","Não"
"860.601/2022","MARCOS DELFINO ROSA MINERACAO","CAMPO ALEGRE DE GOIÁS/GO, CATALÃO/GO, IPAMERI/GO","218","MINÉRIO DE OURO, DIAMANTE","50.000 MINÉRIO DE OURO, 1.216 QUILATES/ANO DIAMANTE T/ANO, QUILATES/ANO","24/06/2025","3 anos","Não"
"860.825/2022","DU VALLE EXTRACAO E COMERCIO DE AREIAS LTDA","ITAPURANGA/GO","187","AREIA","19.261 TONELADAS/ANO","24/07/2026","3 anos","Não"
"860.853/2022","WOLNEY LUIZ MICHIELIN DIAS","CORUMBAÍBA/GO","71","AREIA E CASCALHO","AREIA 50.000 E CASCALHO 8.500 T/ANO","15/05/2025","3 anos","Não"
"860.935/2022","ALEX DIONISIO PESSOA","FORMOSA/GO","189","CASCALHO (USO COMO AGREGADO NA CONSTRUÇÃO CIVIL, PAVIMENTAÇÃO DE ESTRADAS, ATERROS E OUTROS)","8.500 TONELADAS","21/06/2024","3 anos","Não"
"860.988/2022","BAHIA GOLD LTDA","MINAÇU/GO","196","QUARTZITO","16.000 TONELADAS","02/08/2023","ATÉ 14/12/2024","Não"
"861.005/2022","MOACIR DOS REIS LIMA","PALMELO/GO, SANTA CRUZ DE GOIÁS/GO","85","MINÉRIO DE OURO","50.000 TONELADAS","28/05/2024","3 anos","Não"
"861.104/2022","DRAGA QUATRO IRMAOS LTDA","MONTE ALEGRE DE GOIÁS/GO","190","AREIA (AGREGRADO)","50.000 TONELADAS","21/06/2024","3 anos","Não"
"861.167/2022","WENDER DE OLIVEIRA MATTOS","MONTE ALEGRE DE GOIÁS/GO","333","QUARTZO","4.000 TONELADAS","02/08/2024","3 anos","Não"
"861.188/2022","GUSTAVO MANOEL SANSALONI DE OLIVEIRA","SÃO PATRÍCIO/GO","453","ESTEATITO","16.000 TONELADAS","11/03/2024","36 MESES A CONTAR DA PUBLICAÇÃO NO DIÁRIO OFICIAL DA UNIÃO","Não"
"860.050/2023","FLAVIO SOUZA E SILVA","PARANÃ/TO, CAVALCANTE/GO, MINAÇU/GO","192","MINÉRIO DE OURO","AREIA (agregado) 50.000,  OURO (minérios de) 50.000 TONELADAS","21/06/2024","3 anos","Não"
"860.054/2023","MINERADORA CANAA LTDA","NIQUELÂNDIA/GO","230","QUARTZO (gema), QUARTZO (ornamental)","4.000, 16.000 T/ANO","24/06/2025","3 anos","Não"
"860.202/2023","CONQUISTA MINERACAO LTDA","MONTE ALEGRE DE GOIÁS/GO","314","CASSITERITA (MINÉRIO DE ESTRANHO)","300 T/ANO","15/09/2025","3 anos","Não"
"860.221/2023","MINERACAO CRISTALINA LTDA","NIQUELÂNDIA/GO","447","QUARTZO (para fins ornamentais e de revestimentos)","15.898 T/ANO","20/03/2026","3 anos","Não"
"860.913/2023","R.J. EXTRACAO DE AREIA LTDA","NOVA IGUAÇU DE GOIÁS/GO","217","GNAISSE (uso: brita)","50.000 T/ANO","24/06/2025","3 anos","Não"
"861.083/2023","WERLISGLON CALACIO","COCALZINHO DE GOIÁS/GO","6","AREIA e QUARTZITO","50.000 AREIA, 16.000 QUARTZITO T/ANO","17/02/2025","3 anos","Não"
"860.370/2024","G10 URBANISMO S/A","CIDADE OCIDENTAL/GO, VALPARAÍSO DE GOIÁS/GO","421","CASCALHO (agregado)","8.500 T/ANO","05/12/2025","3 anos","Não"
"860.569/2024","39.880.365 VALQUIRIA ELLEN DOS SANTOS","ISRAELÂNDIA/GO","432","MINÉRIO DE OURO, AREIA, CASCALHO, e DIAMANTE","50.000 T/ANO OURO, 50.000 T/ANO AREIA, 8.500 T/ANO CASCALHO, 3.000 QUILATES/ANO DIAMANTE TONELADAS","27/01/2026","3 anos","Não"
"860.592/2024","NEILSON GONCALVES DE ALMEIDA JUNIOR","JATAÍ/GO","219","AREIA","50.000 T/ANO","24/06/2025","3 anos","Não"
"860.601/2024","CONCRETOS USINADOS NEW LTDA","NOVA CRIXÁS/GO","470","AREIA (USO AGREGADO PARA CONSTRUÇÃO CIVIL)","9.850 TONELADAS POR ANO","04/11/2024","3 anos","Não"
"860.964/2024","QUATRO S MINERACAO LTDA","MONTE ALEGRE DE GOIÁS/GO","442","CASSITERITA (minério de estanho), COLUMBITA TANTALITA, ILMENITA, ZIRCÔNIO, TUNGSTÊNIO, MICAS","300 T/ANO CASSITERITA, 150 T/ANO COLUMBITA TANTALITA, 200 T/ANO ILMENITA, 300 T/ANO ZIRCÔNIO, 300 T/ANO TUNGSTÊNIO, 120 T/ANO MICAS","27/01/2026","3 anos","Não"
"861.028/2024","AREIAL J. R LTDA","NOVO BRASIL/GO","189","AREIA","45.000 TONELADAS/ANO","24/07/2026","3 anos","Não"
"861.045/2024","VERMONT MINERAÇÃO EXPORTAÇÃO E IMPORTAÇÃO LTDA.","URUAÇU/GO","80","QUARTZITO (rocha ornamental)","16.000 T/ANO","28/05/2025","3 anos","Não"
"861.237/2024","LUCINETE MARIA DOS REIS","SÃO DOMINGOS/GO","","","","28/02/2025","1 ano","Não"
"861.421/2024","ANTONIO CARLOS ABRANTES TEIXEIRA","NOVA ROMA/GO","138","QUARTZITO (ornamental)","16.000 T/ANO","20/05/2026","3 anos","Não"
"861.437/2024","VALE DO ACO MINERACAO LTDA","CAVALCANTE/GO","2","MINÉRIO DE MANGANÊS","6.000 T/ANO","27/01/2026","3 anos","Não"
"861.465/2024","MINERADORA CANAA LTDA","NIQUELÂNDIA/GO","423","QUARTZO (uso industrial), QUARTZITO (uso ornamental/revestimento)","4.000 T/ANO QUARTZO, 16.000 T/ANO QUARTZITO","05/12/2025","3 anos","Não"
"861.543/2024","JUNQUEIRA MINERADORA EIRELI","ARAGUAPAZ/GO, FAINA/GO, MATRINCHÃ/GO","67","AREIA","40.000 T/ANO","17/03/2026","2 anos","Não"
"861.674/2024","PEDRA EM PE MINERACAO E CONSULTORIA AGRONOMICA LTDA","CRISTALINA/GO","375","AREIA (agregado)","50.000 T/ANO","05/12/2025","3 anos","Não"
"861.709/2024","BRITAMISE MINERACAO SA","VICENTINÓPOLIS/GO","215","CASCALHO (agregado)","8.500 T/ANO","24/06/2025","3 anos","Não"
"861.717/2024","ALISSON RODRIGUES ALVES","SANTA RITA DO NOVO DESTINO/GO, SÃO LUIZ DO NORTE/GO","441","MINÉRIO DE OURO","50.000 T/ANO","27/01/2026","3 anos","Não"
"861.915/2024","AREAL PARANAIBA LTDA","ARAGUARI/MG, CORUMBAÍBA/GO","140","AREIA","50.000 T/ANO","20/05/2026","3 anos","Não"
"886.219/2024","IRENE APARECIDA MARTINS","ORIZONA/GO","317","AREIA (agregado)","18.440 T/ANO","15/09/2025","3 anos","Não"
"860.138/2025","SEBASTIAO FAUSTINO RODRIGUES","SANTA RITA DO NOVO DESTINO/GO, SÃO LUIZ DO NORTE/GO","305","MINÉRIO DE OURO","50.000 T/ANO","15/09/2025","3 anos","Não"
"860.467/2025","JOSE GENEROSO LENZA","ARAGUARI/MG, CUMARI/GO","194","ARGILA","12.000 T/ANO","13/08/2026","3 anos","Não"
