aba,status_aba,campo,contrato_de_dados,descricao,unidade_ou_dominio,fonte_ou_derivacao,tipo,pct_vazio,n_distintos,exemplo,observacao
01_dim_minerais,real,mineral_id,sim,"Identificador estável do mineral. Atribuído por ordenação (classe, nome) sobre as 57 categorias oficiais da ANM + subitens justificados; nunca por hash do nome. Para rochas, a categoria depende do tipo de uso declarado (ver 01c).",MIN_### (3 dígitos),Derivado — 01_dim_minerais / crosswalk 01b,texto,0.0,67,MIN_001,
01_dim_minerais,real,mineral_name,sim,Nome padronizado do mineral (campo fixado no Contrato de Dados).,texto,01_dim_minerais,texto,0.0,67,Carvão Mineral,renomeada de 'mineral_nome_padronizado' na v6
01_dim_minerais,real,classe_substancia,,Classe da substância segundo a ANM.,Energéticos; Gemas e Diamantes; Metálicos; Não-Metálicos,ANM AMB / definição da dimensão,texto,0.0,4,Energéticos,
01_dim_minerais,real,mineral_grupo_pai,,mineral_id do mineral-pai quando o item é subtipo (ex.: Calcário Calcítico → Calcário).,MIN_### ou vazio,Derivado,texto,95.5,1,MIN_038,
01_dim_minerais,real,categoria_agregada_anm,,"VERDADEIRO quando o nome é uma categoria composta da própria ANM (ex.: 'Dolomito e Magnesita'), que não pode ser desagregada.",booleano,ANM AMB,booleano,0.0,2,False,
01_dim_minerais,real,status_producao_go,,"Evidência de produção em Goiás, CALCULADA: confirmada = há produção ANM ou CFEM em GO; exploracao = só título minerário; sem_titulo_ou_producao_go = categoria nacional sem ocorrência em GO.",sem_titulo_ou_producao_go; confirmada; exploracao,Derivado — AMB + CFEM + Cadastro Mineiro + SIGMINE,texto,0.0,3,sem_titulo_ou_producao_go,
01_dim_minerais,real,observacao,,"Decisões do pente fino para o mineral (fusões, ambiguidades, categorias oficiais).",texto livre,—,texto,16.4,52,Categoria oficial nacional; sem ocorrência em GO nas bases a,
01_dim_minerais,real,source_ids,sim,"Fontes em que o mineral aparece: AMB (produção), CFEM, Cadastro Mineiro e SIGMINE (aba 09) e RECMIN (aba 06). Categoria oficial sem dado em nenhuma fonte cita o AMB, de onde vem a lista de categorias.",SRC_* separados por ';' (IDs da aba 07),Governança,texto,0.0,18,SRC_ANM_PROD_BRUTA; SRC_ANM_PROD_BENEF,
01_dim_minerais,real,source_url,,"URL de cada fonte da linha, na mesma ordem de source_ids (igual a url_recurso da 07).",URL,07_dim_fontes,texto,0.0,18,https://dadosabertos.anm.gov.br/AMB/Producao_Bruta.csv; http,
01_dim_minerais,real,data_acesso,,"Data do arquivo local de cada fonte, na mesma ordem de source_ids (igual a data_arquivo_local da 07).",AAAA-MM-DD,07_dim_fontes,texto,0.0,11,2026-09-10; 2026-09-10,
01_dim_minerais,real,periodo_referencia,,"Período coberto por cada fonte da linha (da 07), na mesma ordem de source_ids.",AAAA ou AAAA-MM,fonte da linha,texto,0.0,17,2010–2025; 2010–2025,
01_dim_minerais,real,tipo_fonte,,"Tipo das fontes da linha (oficial, companhia, setorial, imprensa ou derivada), como na 07.",oficial,—,texto,0.0,1,oficial,
01_dim_minerais,real,valor_observado_estimado,,calculado: gerado pelo pipeline; o método está em metodo_estimacao.,calculado,Governança,texto,0.0,1,calculado,
01_dim_minerais,real,metodo_estimacao,,Método quando o valor não é observado; vazio nas linhas observadas.,texto,Governança,texto,0.0,1,Padronização: cada grafia das fontes vira uma categoria da A,
01_dim_minerais,real,status_validacao,,valido: passou nas checagens automáticas da 14b.,valido,Governança,texto,0.0,1,valido,
01_dim_minerais,real,responsavel_validacao,,"Quem validou: as checagens automáticas do pipeline, registradas na 14b.",texto,Governança,texto,0.0,1,Squad 1 / Estudante 1 — checagens automáticas do pipeline (v,
01b_crosswalk_pente_fino,auditoria,fonte,,Base e recorte de onde veio o valor bruto.,SIGMINE(GO); ANM_Producao_Beneficiada(GO); ANM_Producao_Bruta(GO); CFEM(GO); Cadastro_Mineiro(GO),—,texto,0.0,5,SIGMINE(GO),
01b_crosswalk_pente_fino,auditoria,valor_original,,Valor exatamente como aparece na fonte.,texto,fonte da linha,texto,0.0,173,DADO NÃO CADASTRADO,renomeada de 'valor_original (bruto na fonte)' na v6
01b_crosswalk_pente_fino,auditoria,valor_normalizado,,"Valor após normalização (maiúsculas, sem acento, sufixo de UF tratado).",texto,Derivado,texto,0.0,156,DADO NAO CADASTRADO,renomeada de 'valor_normalizado (sem acento/maiúsculo)' na v6
01b_crosswalk_pente_fino,auditoria,contagem,,Ocorrências do valor bruto na fonte.,contagem,fonte da linha,inteiro,0.0,134,382,
01b_crosswalk_pente_fino,auditoria,atribuido_a,,"ID (e nome) canônico ao qual o valor foi atribuído, ou o motivo da exclusão.",texto,Derivado,texto,0.0,60,(excluído — não é substância),renomeada de 'mineral_id / nome atribuído' na v6
01b_crosswalk_pente_fino,auditoria,tipo_correspondencia,,"Como a correspondência foi feita, ou o achado do pente fino.",excluido_nao_mineral; identico; fusao_minerio_forma_pura; fusao_mineralogica_ou_grupo; rocha_categoria_pelo_tipo_de_uso_ver_01c,Derivado,texto,0.0,5,excluido_nao_mineral,renomeada de 'tipo_correspondência' na v6
01c_rochas_por_tipo_de_uso,auditoria,substancia,,"Rocha, com o nome normalizado (maiúsculas, sem acento).",texto,Cadastro Mineiro / SIGMINE / CFEM,texto,0.0,28,ANFIBOLITO,
01c_rochas_por_tipo_de_uso,auditoria,fonte,,Base e recorte de onde veio o valor bruto.,Cadastro Mineiro (GO); SIGMINE (GO); CFEM (GO),—,texto,0.0,3,Cadastro Mineiro (GO),
01c_rochas_por_tipo_de_uso,auditoria,tipo_de_uso,,Tipo de uso que decidiu a categoria (normalizado).,,Cadastro Mineiro (Tipo(s) de Uso) / SIGMINE (USO),texto,0.0,16,REVESTIMENTO,
01c_rochas_por_tipo_de_uso,auditoria,origem_do_uso,,"De onde veio o uso: declarado no título, campo USO do SIGMINE, número do processo (para a CFEM) ou uso majoritário da rocha em GO.",declarado no título; campo USO do SIGMINE; Cadastro Mineiro (processo + substância); uso majoritário da rocha em GO; SIGMINE (processo + substância),Derivado — regra da 01c,texto,0.0,5,declarado no título,
01c_rochas_por_tipo_de_uso,auditoria,mineral_id,sim,"Identificador estável do mineral. Atribuído por ordenação (classe, nome) sobre as 57 categorias oficiais da ANM + subitens justificados; nunca por hash do nome. Para rochas, a categoria depende do tipo de uso declarado (ver 01c).",MIN_### (3 dígitos),Derivado — 01_dim_minerais / crosswalk 01b,texto,0.0,7,MIN_061,
01c_rochas_por_tipo_de_uso,auditoria,mineral_name,sim,Nome padronizado do mineral (campo fixado no Contrato de Dados).,texto,01_dim_minerais,texto,0.0,7,Rochas Ornamentais - Outras,
01c_rochas_por_tipo_de_uso,auditoria,regra,,"Qual regra atribuiu a categoria (uso declarado, uso majoritário da rocha em GO, rocha de categoria fixa ou sem uso informativo).",uso_declarado; uso_majoritario_da_rocha_em_GO; rocha_fixa,Derivado — regra da 01c,texto,0.0,3,uso_declarado,
01c_rochas_por_tipo_de_uso,auditoria,contagem,,Ocorrências do valor bruto na fonte.,contagem,fonte da linha,inteiro,0.0,76,3,
01c_rochas_por_tipo_de_uso,auditoria,valor_recolhido_brl,,Valor da CFEM recolhido na linha (mantido nas somas em R$).,R$ nominais,ANM CFEM (ValorRecolhido),decimal,81.6,41,406721.28,
01c_rochas_por_tipo_de_uso,auditoria,cfem_t,,"Toneladas comercializadas na CFEM para essa rocha, uso e regra (só massa, sem as linhas excluídas na 09b).",t,ANM CFEM,decimal,81.6,36,922189.2899999995,
02_dim_empresas,real,company_id,sim,Identificador estável do titular. PJ: raiz do CNPJ (agrupa matriz e filiais). PF: CPF íntegro ou sha1 do nome normalizado (CPF mascarado por LGPD). COM_NAO_IDENTIFICADO = CFEM de processo ausente do Cadastro Mineiro e do SIGMINE.,"COM_CNPJ_########, COM_CPF_###########, COM_NOME_<8 hex>, COM_NAO_IDENTIFICADO","Derivado — Cadastro Mineiro (Titular, CPF/CNPJ)",texto,0.0,5045,COM_CNPJ_42416651,
02_dim_empresas,real,razao_social,,Razão social mais frequente do titular nas fontes de título. CPF que venha dentro do nome (empresário individual) sai mascarado por LGPD: ***456789**.,texto,Cadastro Mineiro (Titular),texto,0.0,5036,NEXA RECURSOS MINERAIS S.A.,
02_dim_empresas,real,cnpj_raiz,,8 primeiros dígitos do CNPJ: identificam a empresa (o restante é o estabelecimento).,8 dígitos; vazio para PF,Cadastro Mineiro (CPF/CNPJ do titular),texto,55.0,2269,42416651,renomeada de 'cnpj_raiz (8 díg.)' na v6
02_dim_empresas,real,cnpj_completo_exemplo,,"Um CNPJ completo observado para o titular (pode haver outros, de filiais).",##.###.###/####-##,Cadastro Mineiro,texto,0.2,5010,42.416.651/0001-07,
02_dim_empresas,real,tipo_pessoa,,Natureza do titular.,PJ; indeterminado; PF,Cadastro Mineiro,texto,0.0,3,PJ,
02_dim_empresas,real,identificacao_empresa,,Como o company_id foi atribuído.,raiz_cnpj; processo do CFEM ausente do Cadastro Mineiro e do SIGMINE; nome (CPF mascarado por LGPD); nome_casado_com_raiz_cnpj; nome (sem documento),Governança — resolução de entidade,texto,0.0,5,raiz_cnpj,renomeada de 'identificacao (como o ID foi atribuído)' na v6
02_dim_empresas,real,nomes_alternativos,,Outras grafias do titular vistas nas fontes (até 3).,texto separado por ';',Cadastro Mineiro,texto,99.7,15,MINERAÇÃO CORCOVADO DE MINAS LTDA,
02_dim_empresas,real,qtd_processos,,Processos contíguos (até 100 m) do mesmo titular e mineral agrupados no projeto.,contagem,Derivado — SIGMINE (geometria),inteiro,0.0,67,194,
02_dim_empresas,real,qtd_municipios,,Municípios de Goiás onde o titular tem títulos (o titular inteiro: todos os minerais e fases).,contagem,Cadastro Mineiro,inteiro,0.0,30,47,
02_dim_empresas,real,principais_minerais,,Até 4 minerais mais citados nos títulos do titular.,texto separado por ';',Cadastro Mineiro → crosswalk 01b,texto,0.0,793,Cobre; Ouro; Níquel; Zinco,
02_dim_empresas,real,fase_predominante,,Fase processual mais frequente nos títulos do titular.,texto (fases ANM),Cadastro Mineiro (Fase Atual),texto,0.0,11,Autorização de Pesquisa,
02_dim_empresas,real,source_ids,sim,"Fontes em que o titular aparece: Cadastro Mineiro (processos e CNPJ), SIGMINE (aba 03) e CFEM (aba 11).",SRC_* separados por ';' (IDs da aba 07),Governança,texto,0.0,4,SRC_ANM_CADASTRO; SRC_ANM_SIGMINE,
02_dim_empresas,real,source_url,,"URL de cada fonte da linha, na mesma ordem de source_ids (igual a url_recurso da 07).",URL,07_dim_fontes,texto,0.0,4,https://dadosabertos.anm.gov.br/SCM/<arquivo>.csv — 13 arqui,
02_dim_empresas,real,data_acesso,,"Data do arquivo local de cada fonte, na mesma ordem de source_ids (igual a data_arquivo_local da 07).",AAAA-MM-DD,07_dim_fontes,texto,0.0,3,2026-09-10; 2026-09-10,
02_dim_empresas,real,periodo_referencia,,"Período coberto por cada fonte da linha (da 07), na mesma ordem de source_ids.",AAAA ou AAAA-MM,fonte da linha,texto,0.0,4,arquivo de 2026-09-10; arquivo de 2026-09-10,
02_dim_empresas,real,tipo_fonte,,"Tipo das fontes da linha (oficial, companhia, setorial, imprensa ou derivada), como na 07.",oficial,—,texto,0.0,1,oficial,
02_dim_empresas,real,valor_observado_estimado,,observado: registro como consta nas fontes; atributos derivados estão descritos neste dicionário.,observado,Governança,texto,0.0,1,observado,
02_dim_empresas,real,metodo_estimacao,,Método quando o valor não é observado; vazio nas linhas observadas.,texto,Governança,vazio,100.0,0,,coluna 100% vazia
02_dim_empresas,real,status_validacao,,valido; alerta_titular_nao_identificado no grupo COM_NAO_IDENTIFICADO (processos sem titular no Cadastro Mineiro).,valido; alerta_titular_nao_identificado,Governança,texto,0.0,2,valido,
02_dim_empresas,real,responsavel_validacao,,"Quem validou: as checagens automáticas do pipeline, registradas na 14b.",texto,Governança,texto,0.0,1,Squad 1 / Estudante 1 — checagens automáticas do pipeline (v,
02b_crosswalk_empresas,auditoria,fonte,,Base e recorte de onde veio o valor bruto.,Cadastro_Mineiro(GO); SIGMINE(GO); CFEM(GO),—,texto,0.0,3,Cadastro_Mineiro(GO),
02b_crosswalk_empresas,auditoria,valor_original,,Valor exatamente como aparece na fonte.,texto,fonte da linha,texto,0.0,77,AREIAS LANDY LTDA | EURIPEDES ALVES DA SILVA A GOIANA,
02b_crosswalk_empresas,auditoria,chave_normalizada,,Chave usada na resolução de entidade (raiz de CNPJ ou razão social normalizada).,texto,Derivado,texto,0.0,77,raiz 33620576,
02b_crosswalk_empresas,auditoria,contagem,,Ocorrências do valor bruto na fonte.,contagem,fonte da linha,inteiro,0.0,30,4,
02b_crosswalk_empresas,auditoria,atribuido_a,,"ID (e nome) canônico ao qual o valor foi atribuído, ou o motivo da exclusão.",texto,Derivado,texto,0.0,8,COM_CNPJ_33620576,renomeada de 'atribuído a' na v6
02b_crosswalk_empresas,auditoria,tipo_correspondencia,,"Como a correspondência foi feita, ou o achado do pente fino.","mesma_raiz_cnpj_varias_grafias (fundidas); AMBIGUO: mesmo nome, raizes de CNPJ diferentes (NAO fundidas); nome do SIGMINE sem titular equivalente no Cadastro Mineiro; processo do CFEM sem titular correspondente no Cadastro Mineiro",Derivado,texto,0.0,4,mesma_raiz_cnpj_varias_grafias (fundidas),renomeada de 'tipo_correspondência / achado' na v6
03_dim_operacoes,real,operation_id,sim,"Identificador estável do processo minerário, derivado do número canônico do processo ANM.",OPE_<número>_<ano>,Derivado — SIGMINE.PROCESSO,texto,0.0,16656,OPE_808923_1974,
03_dim_operacoes,real,processo_anm,,"Número do processo na ANM, formato canônico <número sem zeros à esquerda>/<ano>.",texto,SIGMINE.PROCESSO / CFEM (Processo + AnoDoProcesso),texto,0.0,16656,808923/1974,
03_dim_operacoes,real,company_id,sim,"Titular do processo: ponte do número do processo com o Cadastro Mineiro; reserva, nome do SIGMINE casado com raiz de CNPJ. Vazio em 858 processos sem correspondência.","COM_CNPJ_########, COM_CPF_###########, COM_NOME_<8 hex>, COM_NAO_IDENTIFICADO","Derivado — Cadastro Mineiro (Titular, CPF/CNPJ)",texto,5.2,5031,COM_CNPJ_86902053,
03_dim_operacoes,real,razao_social,,"Razão social do titular (Cadastro Mineiro pela ponte do processo; se ausente, nome do SIGMINE). CPF dentro do nome sai mascarado (LGPD).",texto,Cadastro Mineiro (Titular),texto,0.0,5292,MINERACAO MARACA INDUSTRIA E COMERCIO S/A,
03_dim_operacoes,real,identificacao_empresa,,Como o company_id foi atribuído.,ponte_processo_cadastro; sem_correspondencia; nome_sigmine_casado_com_raiz_cnpj,Governança — resolução de entidade,texto,0.0,3,ponte_processo_cadastro,
03_dim_operacoes,real,mineral_ids,,"Todos os minerais declarados no título, normalizados.",MIN_### separados por ';',SIGMINE.SUBS → crosswalk 01b,texto,2.3,50,MIN_011,
03_dim_operacoes,real,mineral_principal,,"Primeiro mineral declarado no título, normalizado.",texto,SIGMINE.SUBS → crosswalk 01b,texto,2.3,50,Cobre,
03_dim_operacoes,real,municipality_id,sim,Código IBGE do município (7 dígitos). Padrão externo estável.,52##### (7 dígitos),IBGE — malha 2025 (CD_MUN),texto,0.0,245,5200555,
03_dim_operacoes,real,municipality_name,sim,Nome oficial do município (campo fixado no Contrato de Dados).,texto,IBGE — malha 2025 (NM_MUN),texto,0.0,245,Alto Horizonte,renomeada de 'municipio_nome' na v6
03_dim_operacoes,real,municipios_intersectados,,"Todos os municípios de GO tocados pelo polígono, da maior para a menor área.",texto separado por ';',Junção espacial SIGMINE × malha IBGE,texto,0.0,1467,Alto Horizonte; Nova Iguaçu de Goiás,
03_dim_operacoes,real,qtd_municipios,,Municípios de Goiás que o polígono do processo intersecta.,contagem,Cadastro Mineiro,inteiro,0.0,5,2,
03_dim_operacoes,real,fase_atual,,Fase do processo no SIGMINE.,,SIGMINE.FASE,texto,0.0,15,CONCESSÃO DE LAVRA,
03_dim_operacoes,real,status_operacional,,Rótulo legível da categoria_mapa.,"Operação ativa (título de lavra + CFEM 2024-2026); Lavra autorizada, sem CFEM recente; Recolhe CFEM sem título de lavra; Pré-lavra (requerimento/direito de lavra); Pesquisa; Requerimento de licenciamento ou lavra garimpeira; Disponibilidade (área devolvida à ANM); Outros / não cadastrado",Derivado,texto,0.0,8,Operação ativa (título de lavra + CFEM 2024-2026),
03_dim_operacoes,real,categoria_mapa,,Classe para simbologia do mapa. 1 = título de lavra + CFEM em 2024–2026; 2 = lavra sem CFEM recente; 3 = CFEM sem título de lavra; 4 = pré-lavra; 5 = pesquisa; 6 = requerimento de licenciamento/garimpeira; 7 = disponibilidade; 8 = outros.,1_operacao_ativa; 2_lavra_sem_cfem_recente; 3_cfem_sem_titulo_de_lavra; 4_pre_lavra; 5_pesquisa; 6_requerimento_licenc_garimpeira; 7_disponibilidade; 8_outros,Derivado — SIGMINE.FASE + CFEM,texto,0.0,8,1_operacao_ativa,
03_dim_operacoes,real,cfem_2024_2026_brl,,"CFEM recolhida pelo processo em 2024–2026 (2026 parcial, até 08/2026).",R$ nominais,ANM CFEM (ValorRecolhido),decimal,94.9,811,138247716.4,
03_dim_operacoes,real,cfem_2022_2026_brl,,CFEM recolhida pelo processo em 2022–2026 (2026 parcial).,R$ nominais,ANM CFEM (ValorRecolhido),decimal,94.1,954,162771102.91,
03_dim_operacoes,real,area_ha_calculada,,"Área do polígono dissolvido, calculada em Albers equivalente sobre SIRGAS 2000.",ha,Derivado — geometria SIGMINE,decimal,0.0,11383,3000.12,
03_dim_operacoes,real,area_ha_declarada,,Soma do AREA_HA declarado no SIGMINE para as feições do processo.,ha,SIGMINE.AREA_HA,decimal,0.0,11400,3000.12,
03_dim_operacoes,real,fracao_area_em_go,,Fração da área do processo dentro do território de Goiás.,0 a 1,Junção espacial,decimal,0.0,644,1,
03_dim_operacoes,real,latitude,sim,"Latitude do ponto representativo (representative_point, sempre dentro do polígono).","graus decimais, SIRGAS 2000",Derivado — geometria,decimal,0.0,15615,-14.243141,
03_dim_operacoes,real,longitude,sim,"Longitude do ponto representativo (representative_point, sempre dentro do polígono).","graus decimais, SIRGAS 2000",Derivado — geometria,decimal,0.0,15808,-49.382884,
03_dim_operacoes,real,ultimo_evento,,Último evento processual registrado. Contém eventos com data futura (até 2028): não serve como data de extração.,texto '<código> - <descrição>',SIGMINE.ULT_EVENTO,texto,0.0,5854,3151 - BARRAGENS ANÁLISE PROCESSUAL CONCLUÍDA EM 21/08/2026,
03_dim_operacoes,real,uso_declarado,,Uso declarado da substância.,,SIGMINE.USO,texto,0.0,22,Demais substâncias,
03_dim_operacoes,real,uf_declarada_sigmine,,UF declarada no SIGMINE. NÃO é recorte territorial (há processos com UF=MG ou PA parcial/totalmente em GO) — use fracao_area_em_go.,GO; MG; MS; TO; DF; MT; BA; PA; DADO NÃO CADASTRADO,SIGMINE.UF,texto,0.0,9,GO,
03_dim_operacoes,real,qtd_feicoes_originais,,Feições do SIGMINE dissolvidas no processo (fragmentos sem sobreposição).,contagem,SIGMINE,inteiro,0.0,18,1,
03_dim_operacoes,real,geometria_reparada,,"VERDADEIRO se o polígono tinha autointerseção e foi reparado (make_valid, área inalterada).",booleano,Derivado,booleano,0.0,2,False,
03_dim_operacoes,real,source_ids,sim,"Fontes de onde vieram os valores da linha. Cada fonte entra se, e somente se, alguma coluna da linha veio dela.",SRC_* separados por ';' (IDs da aba 07),Governança,texto,0.0,4,SRC_ANM_SIGMINE; SRC_IBGE_MALHA_2025; SRC_ANM_CADASTRO; SRC_,
03_dim_operacoes,real,source_url,,"URL de cada fonte da linha, na mesma ordem de source_ids (igual a url_recurso da 07).",URL,07_dim_fontes,texto,0.0,4,https://dadosabertos.anm.gov.br/SIGMINE/PROCESSOS_MINERARIOS,
03_dim_operacoes,real,data_acesso,,"Data do arquivo local de cada fonte, na mesma ordem de source_ids (igual a data_arquivo_local da 07).",AAAA-MM-DD,07_dim_fontes,texto,0.0,3,2026-09-10; 2026-09-10; 2026-09-10; 2026-09-10,
03_dim_operacoes,real,periodo_referencia,,"Período coberto por cada fonte da linha (da 07), na mesma ordem de source_ids.",AAAA ou AAAA-MM,fonte da linha,texto,0.0,4,arquivo de 2026-09-10; arquivo de 2026-09-10; arquivo de 202,
03_dim_operacoes,real,tipo_fonte,,"Tipo das fontes da linha (oficial, companhia, setorial, imprensa ou derivada), como na 07.",oficial,—,texto,0.0,1,oficial,
03_dim_operacoes,real,valor_observado_estimado,,observado: registro como consta nas fontes; atributos derivados estão descritos neste dicionário.,observado,Governança,texto,0.0,1,observado,
03_dim_operacoes,real,metodo_estimacao,,Método quando o valor não é observado; vazio nas linhas observadas.,texto,Governança,vazio,100.0,0,,coluna 100% vazia
03_dim_operacoes,real,status_validacao,,"valido, ou os alertas das linhas de CFEM do processo na 08.",valido; alerta_processo_09c; alerta_processo_09c; quantidade_excluida_da_soma_09b; quantidade_excluida_da_soma_09b,Governança,texto,0.0,4,valido,
03_dim_operacoes,real,responsavel_validacao,,"Quem validou: as checagens automáticas do pipeline, registradas na 14b.",texto,Governança,texto,0.0,1,Squad 1 / Estudante 1 — checagens automáticas do pipeline (v,
04_dim_projetos,real,project_id,sim,"Identificador estável do projeto mineral (campo fixado no Contrato de Dados). Na camada ANM (04): PRJ_ + processo-âncora, estável enquanto o processo-âncora existir.",PRJ_<número>_<ano>,Derivado — SIGMINE (camada ANM do Radar de Projetos),texto,0.0,3377,PRJ_2019_1939,
04_dim_projetos,real,nome_projeto,,"Nome descritivo gerado (mineral — titular — município): a ANM não publica nome de projeto; o nome anunciado vem de RI, CVM ou SEMAD. CPF dentro do nome do titular sai mascarado (LGPD).",texto,RI / CVM / SEMAD,texto,0.0,2852,Cobre — MINERACAO MACEDO LTDA — Niquelândia,
04_dim_projetos,real,company_id,sim,Titular do processo-âncora pela ponte do número do processo com o Cadastro Mineiro; vazio quando só há o nome no SIGMINE.,"COM_CNPJ_########, COM_CPF_###########, COM_NOME_<8 hex>, COM_NAO_IDENTIFICADO","Derivado — Cadastro Mineiro (Titular, CPF/CNPJ)",texto,0.5,2302,COM_CNPJ_48656146,
04_dim_projetos,real,razao_social,,Razão social mais frequente do titular nas fontes de título. CPF que venha dentro do nome (empresário individual) sai mascarado por LGPD: ***456789**.,texto,Cadastro Mineiro (Titular),texto,0.0,2316,MINERACAO MACEDO LTDA,
04_dim_projetos,real,mineral_id,sim,"Identificador estável do mineral. Atribuído por ordenação (classe, nome) sobre as 57 categorias oficiais da ANM + subitens justificados; nunca por hash do nome. Para rochas, a categoria depende do tipo de uso declarado (ver 01c).",MIN_### (3 dígitos),Derivado — 01_dim_minerais / crosswalk 01b,texto,0.1,40,MIN_011,
04_dim_projetos,real,mineral_name,sim,Nome padronizado do mineral (campo fixado no Contrato de Dados).,texto,01_dim_minerais,texto,0.1,40,Cobre,
04_dim_projetos,real,municipality_id,sim,Município principal do processo-âncora (03); os demais municípios do projeto vão na observação.,52##### (7 dígitos),IBGE — malha 2025 (CD_MUN),texto,0.0,234,5214606,
04_dim_projetos,real,municipality_name,sim,Nome oficial do município (campo fixado no Contrato de Dados).,texto,IBGE — malha 2025 (NM_MUN),texto,0.0,234,Niquelândia,
04_dim_projetos,real,latitude,sim,Latitude do representative_point da união dos polígonos do projeto (sempre dentro da área).,"graus decimais, SIRGAS 2000",Derivado — geometria,decimal,0.0,3366,-14.338594,
04_dim_projetos,real,longitude,sim,Longitude do representative_point da união dos polígonos do projeto (sempre dentro da área).,"graus decimais, SIRGAS 2000",Derivado — geometria,decimal,0.0,3359,-48.381539,
04_dim_projetos,real,tipo_projeto,,"brownfield_adjacente_a_operacao = a até 500 m de operação ativa (03) do mesmo titular e mineral — candidato a expansão, a confirmar; sem_operacao_adjacente = nenhuma operação ativa do mesmo titular e mineral por perto.",sem_operacao_adjacente; brownfield_adjacente_a_operacao,Derivado — SIGMINE (geometria) + 03,texto,0.0,2,sem_operacao_adjacente,
04_dim_projetos,real,estagio,,"Estágio jurídico-minerário do processo-âncora: lavra_autorizada_sem_producao (título de lavra sem CFEM em 2024–2026), requerimento_de_lavra, direito_de_requerer_lavra (pesquisa aprovada) ou requerimento_de_licenciamento_ou_lavra_garimpeira.",lavra_autorizada_sem_producao; requerimento_de_lavra; direito_de_requerer_lavra; requerimento_de_licenciamento_ou_lavra_garimpeira,SIGMINE (FASE) + CFEM,texto,0.0,4,lavra_autorizada_sem_producao,
04_dim_projetos,real,classificacao_maturidade,,"Escala do guia (operação, expansão, construção, definido, provável, possível, sinal). A camada ANM só atribui provável, possível ou sinal; as demais exigem RI, CVM ou SEMAD (Squad 1 / Estudante 2).",texto,Critério do Radar de Projetos,texto,0.0,3,provável,
04_dim_projetos,real,criterio_classificacao,,"Regra que levou à classe: estágio, recência do último evento (3 anos antes do arquivo do SIGMINE), disputa e licenciamento ambiental.",texto,Derivado — build_projetos_04,texto,0.0,6,"título de lavra concedido, sem CFEM em 2024–2026 e com event",
04_dim_projetos,real,capacidade_t_ano,,"Capacidade anunciada. VAZIA de propósito: nenhuma fonte do Squad 1 publica capacidade (vem de RI, CVM ou SEMAD — Estudante 2).",t/ano,RI / CVM / SEMAD,vazio,100.0,0,,coluna 100% vazia
04_dim_projetos,real,capex_brl,,CAPEX anunciado. VAZIO de propósito: vem de RI ou CVM (Estudante 2).,R$,RI / CVM,vazio,100.0,0,,coluna 100% vazia
04_dim_projetos,real,ano_previsto_entrada,,"VAZIO de propósito: a ANM não publica cronograma; vem de RI, CVM ou SEMAD (Estudante 2).",AAAA,RI / CVM / SEMAD,vazio,100.0,0,,coluna 100% vazia
04_dim_projetos,real,processo_ancora,,Processo de estágio mais avançado do projeto (desempate: evento mais recente); dá o project_id.,<número>/<ano>,SIGMINE,texto,0.0,3377,2019/1939,
04_dim_projetos,real,qtd_processos,,Processos contíguos (até 100 m) do mesmo titular e mineral agrupados no projeto.,contagem,Derivado — SIGMINE (geometria),inteiro,0.0,17,2,
04_dim_projetos,real,processos_anm,,Processos que formam o projeto.,<número>/<ano> separados por ';',SIGMINE,texto,0.0,3377,2019/1939; 805985/1971,
04_dim_projetos,real,operation_ids,,operation_id dos processos do projeto (03_dim_operacoes).,OPE_… separados por ';',03_dim_operacoes,texto,0.0,3377,OPE_2019_1939; OPE_805985_1971,
04_dim_projetos,real,area_ha,,Soma das áreas calculadas dos processos do projeto (projeção Albers equivalente).,ha,SIGMINE (geometria),decimal,0.0,2225,24795.76,
04_dim_projetos,real,relatorio_final_aprovado,,sim = algum processo do projeto consta em Relatorio_de_Pesquisa_Aprovado do Cadastro Mineiro (pesquisa com relatório final aprovado).,sim | não,Cadastro Mineiro,texto,0.0,2,não,
04_dim_projetos,real,evento_licenciamento_ambiental,,sim = o último evento de algum processo do projeto cita licença ambiental ou órgão ambiental.,sim | não,SIGMINE (ULT_EVENTO),texto,0.0,2,não,
04_dim_projetos,real,operacao_adjacente,,Operações ativas (03) do mesmo titular e mineral a até 500 m do projeto.,OPE_… separados por ';',Derivado — SIGMINE (geometria) + 03,texto,95.5,137,OPE_960146_2003,
04_dim_projetos,real,data_evidencia,,Data do último evento na ANM entre os processos do projeto — a evidência mais recente.,AAAA-MM-DD,SIGMINE (ULT_EVENTO),texto,0.0,1184,2026-03-13,
04_dim_projetos,real,ultimo_evento,,"Texto do evento mais recente entre os processos do projeto (código, descrição e data).",texto '<código> - <descrição>',SIGMINE.ULT_EVENTO,texto,0.0,2158,418 - CONC LAV/RAL ANO BASE APRESENTADO EM 13/03/2026,
04_dim_projetos,real,valor_observado_estimado,,calculado: projeto e classe derivados por regra documentada a partir de registros observados da ANM.,calculado,Governança,texto,0.0,1,calculado,
04_dim_projetos,real,status_validacao,,"pendente_evidencia_corporativa: o estágio vem da ANM; nome, capacidade, CAPEX, cronograma e classes acima de 'provável' dependem de RI, CVM ou SEMAD.",pendente_evidencia_corporativa,Governança,texto,0.0,1,pendente_evidencia_corporativa,
04_dim_projetos,real,responsavel_validacao,,Quem validou o valor.,texto,Governança,texto,0.0,1,Squad 1 / Estudante 1 — checagens automáticas do pipeline (v,
04_dim_projetos,real,source_id,sim,"Fontes da linha separadas por ';': SIGMINE (fase, evento, geometria), Cadastro Mineiro (titular, relatório aprovado), CFEM (sem produção) e malha do IBGE.",SRC_*,Governança,texto,0.0,1,SRC_ANM_SIGMINE; SRC_ANM_CADASTRO; SRC_ANM_CFEM; SRC_IBGE_MA,
04_dim_projetos,real,source_url,,"URL de cada fonte, na mesma ordem de source_id (igual a url_recurso da 07).",URL,07_dim_fontes,texto,0.0,1,https://dadosabertos.anm.gov.br/SIGMINE/PROCESSOS_MINERARIOS,
04_dim_projetos,real,data_acesso,,"Data do arquivo local de cada fonte, na mesma ordem de source_id (igual a data_arquivo_local da 07).",AAAA-MM-DD,07_dim_fontes,texto,0.0,1,2026-09-10; 2026-09-10; 2026-09-10; 2026-09-10,
04_dim_projetos,real,periodo_referencia,,Data do arquivo do SIGMINE usado (fotografia da situação dos processos).,AAAA ou AAAA-MM,fonte da linha,texto,0.0,1,situação dos processos no SIGMINE de 2026-09-10,
04_dim_projetos,real,tipo_fonte,,Natureza da fonte (Entrega Avaliativa 1).,oficial,—,texto,0.0,1,oficial,
04_dim_projetos,real,observacao,,"Nota da linha: vários municípios, titular sem CNPJ, processo sem substância ou candidato a expansão.",texto livre,—,texto,93.1,62,"processos em mais de um município: Barro Alto, Santa Rita do",
04_dim_projetos,real,metodo_estimacao,,Como o projeto e a classificação foram calculados (os projetos são valor calculado).,texto,Governança,texto,0.0,1,Projeto = processos contíguos (até 100 m) do mesmo titular e,
04b_eventos_anm_classificados,auditoria,tipo_evento,,"Descrição do último evento do processo na ANM, sem o código numérico e sem a data.",texto,SIGMINE (ULT_EVENTO),texto,0.0,294,REQ LICEN/INDEFERIMENTO COM ONERAÇÃO,
04b_eventos_anm_classificados,auditoria,classe_evento,,"encerramento (o processo não vira projeto), disputa, licenciamento_ambiental ou andamento — a primeira regra que casa vence.",encerramento; disputa; licenciamento_ambiental; andamento,Derivado — regras do build_projetos_04,texto,0.0,4,encerramento,
04b_eventos_anm_classificados,auditoria,palavra_chave,,Trecho do tipo de evento que decidiu a classe.,texto,Derivado,texto,59.5,26,INDEFER,
04b_eventos_anm_classificados,auditoria,processos,,Processos candidatos cujo último evento é desse tipo.,contagem,SIGMINE,inteiro,0.0,62,306,
04b_eventos_anm_classificados,auditoria,fases,,Fases atuais mais comuns desses processos.,texto,SIGMINE (FASE),texto,0.0,140,REQUERIMENTO DE LICENCIAMENTO (306),
04b_eventos_anm_classificados,auditoria,exemplo_processo,,"Um processo com esse evento, para conferência.",<número>/<ano>,SIGMINE,texto,0.0,294,860002/2020,
04b_eventos_anm_classificados,auditoria,vira_projeto,,não para encerramento; sim para as demais classes.,sim | não,Derivado,texto,0.0,2,não,
05_dim_municipios,real,municipality_id,sim,Código IBGE do município (7 dígitos). Padrão externo estável.,52##### (7 dígitos),IBGE — malha 2025 (CD_MUN),texto,0.0,246,5200050,
05_dim_municipios,real,municipality_name,sim,Nome oficial do município (campo fixado no Contrato de Dados).,texto,IBGE — malha 2025 (NM_MUN),texto,0.0,246,Abadia de Goiás,renomeada de 'municipio_nome' na v6
05_dim_municipios,real,uf,,Sempre GO.,GO,—,texto,0.0,1,GO,
05_dim_municipios,real,area_km2,,Área oficial do município.,km²,IBGE — malha 2025 (AREA_KM2),decimal,0.0,246,143.357,
05_dim_municipios,real,latitude,sim,Latitude do representative_point do polígono municipal (dentro do município; não é a sede).,"graus decimais, SIRGAS 2000",Derivado — geometria,decimal,0.0,246,-16.791129,
05_dim_municipios,real,longitude,sim,Longitude do representative_point do polígono municipal (dentro do município; não é a sede).,"graus decimais, SIRGAS 2000",Derivado — geometria,decimal,0.0,246,-49.454403,
05_dim_municipios,real,regiao_geografica_imediata,,Região geográfica imediata oficial do IBGE.,texto,IBGE — malha 2025 (NM_RGI),texto,0.0,22,Goiânia,
05_dim_municipios,real,regiao_geografica_intermediaria,,Região geográfica intermediária oficial do IBGE.,texto,IBGE — malha 2025 (NM_RGINT),texto,0.0,6,Goiânia,
05_dim_municipios,real,source_ids,sim,"Fontes de onde vieram os valores da linha. Cada fonte entra se, e somente se, alguma coluna da linha veio dela.",SRC_* separados por ';' (IDs da aba 07),Governança,texto,0.0,1,SRC_IBGE_MALHA_2025,
05_dim_municipios,real,source_url,,"URL de cada fonte da linha, na mesma ordem de source_ids (igual a url_recurso da 07).",URL,07_dim_fontes,texto,0.0,1,https://geoftp.ibge.gov.br/organizacao_do_territorio/malhas_,
05_dim_municipios,real,data_acesso,,"Data do arquivo local de cada fonte, na mesma ordem de source_ids (igual a data_arquivo_local da 07).",AAAA-MM-DD,07_dim_fontes,texto,0.0,1,2026-09-10,
05_dim_municipios,real,periodo_referencia,,"Período coberto por cada fonte da linha (da 07), na mesma ordem de source_ids.",AAAA ou AAAA-MM,fonte da linha,texto,0.0,1,arquivo de 2026-09-10,
05_dim_municipios,real,tipo_fonte,,"Tipo das fontes da linha (oficial, companhia, setorial, imprensa ou derivada), como na 07.",oficial,—,texto,0.0,1,oficial,
05_dim_municipios,real,valor_observado_estimado,,observado: registro como consta nas fontes; atributos derivados estão descritos neste dicionário.,observado,Governança,texto,0.0,1,observado,
05_dim_municipios,real,metodo_estimacao,,Método quando o valor não é observado; vazio nas linhas observadas.,texto,Governança,vazio,100.0,0,,coluna 100% vazia
05_dim_municipios,real,status_validacao,,valido: passou nas checagens automáticas da 14b.,valido,Governança,texto,0.0,1,valido,
05_dim_municipios,real,responsavel_validacao,,"Quem validou: as checagens automáticas do pipeline, registradas na 14b.",texto,Governança,texto,0.0,1,Squad 1 / Estudante 1 — checagens automáticas do pipeline (v,
05b_crosswalk_municipios,auditoria,fonte,,Base e recorte de onde veio o valor bruto.,"CFEM(GO); Cadastro_Mineiro(GO); Cadastro_Mineiro(GO, token multivalorado)",—,texto,0.0,3,CFEM(GO),
05b_crosswalk_municipios,auditoria,valor_original,,Valor exatamente como aparece na fonte.,texto,fonte da linha,texto,0.0,476,5204508 / CALDAS NOVAS,renomeada de 'valor_original (bruto na fonte)' na v6
05b_crosswalk_municipios,auditoria,valor_normalizado,,"Valor após normalização (maiúsculas, sem acento, sufixo de UF tratado).",texto,Derivado,texto,0.0,291,CALDAS NOVAS,
05b_crosswalk_municipios,auditoria,contagem,,Ocorrências do valor bruto na fonte.,contagem,fonte da linha,inteiro,0.0,220,4782,
05b_crosswalk_municipios,auditoria,atribuido_a,,"ID (e nome) canônico ao qual o valor foi atribuído, ou o motivo da exclusão.",texto,Derivado,texto,0.0,247,5204508 — Caldas Novas,renomeada de 'municipio_id / nome atribuído' na v6
05b_crosswalk_municipios,auditoria,tipo_correspondencia,,"Como a correspondência foi feita, ou o achado do pente fino.",identico_por_codigo; identico_apos_remover_sufixo_GO; outro_estado_em_processo_de_fronteira,Derivado,texto,0.0,3,identico_por_codigo,renomeada de 'tipo_correspondência' na v6
06_dim_ocorrencias_geologicas,real,occurrence_id,,Identificador da ocorrência: OCC_ + id_ocorrencia do GeoSGB (ID externo estável do SGB).,OCC_<número>,SGB RECMIN (id_ocorrencia),texto,0.0,1796,OCC_10168,
06_dim_ocorrencias_geologicas,real,nome_local,,Toponímia da ocorrência no RECMIN.,texto,SGB RECMIN (toponimia),texto,0.0,1461,Canabrava-Sama - Fazenda Maranhão,
06_dim_ocorrencias_geologicas,real,mineral_ids,,"Todas as substâncias da ocorrência com categoria ANM, pelo crosswalk da 06b (o RECMIN não indica a principal).",MIN_### separados por ';',SIGMINE.SUBS → crosswalk 01b,texto,0.1,81,MIN_033,
06_dim_ocorrencias_geologicas,real,mineral_names,,"Nomes padronizados dos minerais de mineral_ids, na mesma ordem.",texto separado por ';',01_dim_minerais,texto,0.1,81,Amianto,
06_dim_ocorrencias_geologicas,real,substancias_original,,Substâncias exatamente como no RECMIN (ordem alfabética; a fonte não indica a principal).,texto,SGB RECMIN (substancias),texto,0.0,106,Amianto,
06_dim_ocorrencias_geologicas,real,substancias_sem_categoria_anm,,"Substâncias sem categoria ANM (sem mineral_id), guardadas pelo nome — ver 06b.",texto separado por ';',Derivado — 06b,texto,99.8,2,Índio,
06_dim_ocorrencias_geologicas,real,classe_utilitaria,,"Classe utilitária do SGB (metais nobres, material de construção civil, gemas…).",Rochas e minerais industriais; Material de uso na construção civil; Não definida; Metais nobres; Insumos para agricultura; Metais não ferrosos e semimetais; Metais ferrosos; Gemas; Recursos minerais energéticos; Água mineral ou potável de mesa; Água de uso balneário,SGB RECMIN (classes_utilitarias),texto,0.0,11,Rochas e minerais industriais,
06_dim_ocorrencias_geologicas,real,importancia,,"Importância segundo o SGB: Depósito, Ocorrência, Indício ou Indeterminado.",Depósito; Ocorrência; Indício; Indeterminado,SGB RECMIN (importancia),texto,0.0,4,Depósito,
06_dim_ocorrencias_geologicas,real,status_economico,,"Status econômico segundo o SGB: Mina, Garimpo, Não explotado ou Indeterminado — na data do cadastro, não hoje.",Mina; Não explotado; Garimpo; Indeterminado,SGB RECMIN (status_economico),texto,0.0,4,Mina,
06_dim_ocorrencias_geologicas,real,situacao_explotacao,,Ativo(a) ou Inativo(a) na data do cadastro (situacao_mina; situacao_garimpo é cópia idêntica na fonte).,Ativo(a); Inativo(a),SGB RECMIN (situacao_mina),texto,91.5,2,Ativo(a),
06_dim_ocorrencias_geologicas,real,motivo_inatividade,,"Motivo da inatividade na data do cadastro (exaurido, paralisado, intermitente).",Exaurido(a); Intermitente; Paralisado(a),SGB RECMIN (motivo_inatividade_mina),texto,98.1,3,Exaurido(a),
06_dim_ocorrencias_geologicas,real,municipality_id,sim,Município da malha do IBGE 2025 onde o ponto cai (vale sobre o município digitado no RECMIN).,52##### (7 dígitos),IBGE — malha 2025 (CD_MUN),texto,0.0,179,5213087,
06_dim_ocorrencias_geologicas,real,municipality_name,sim,Nome oficial do município da malha do IBGE 2025 onde o ponto cai.,texto,IBGE — malha 2025 (NM_MUN),texto,0.0,179,Minaçu,
06_dim_ocorrencias_geologicas,real,municipio_informado,,Município como digitado no RECMIN (antes da malha do IBGE).,texto,SGB RECMIN (municipio),texto,0.0,182,Minaçu,
06_dim_ocorrencias_geologicas,real,uf_informada,,UF como digitada no RECMIN.,GO; DF; TO,SGB RECMIN (uf),texto,0.0,3,GO,
06_dim_ocorrencias_geologicas,real,latitude,sim,Latitude do RECMIN (WGS84); precisão dada por metodo_geoposicionamento (carta 1:250.000 na maioria).,"graus decimais, SIRGAS 2000",Derivado — geometria,decimal,0.0,1681,-13.534329,
06_dim_ocorrencias_geologicas,real,longitude,sim,Longitude do RECMIN (WGS84); precisão dada por metodo_geoposicionamento (carta 1:250.000 na maioria).,"graus decimais, SIRGAS 2000",Derivado — geometria,decimal,0.0,1697,-48.261776,
06_dim_ocorrencias_geologicas,real,metodo_geoposicionamento,,Como o ponto foi posicionado (GPS ou escala da carta) — indica a precisão da coordenada.,Levantamento em carta 1:250.000; GPS Manual pré 25/05/2000; Levantamento em carta 1:100.000; Levantamento em carta 1:500.000; GPS Manual pós 24/05/2000; Levantamento em carta 1:50.000,SGB RECMIN,texto,0.0,6,Levantamento em carta 1:250.000,
06_dim_ocorrencias_geologicas,real,provincia_mineral,,"Província geológica (Tocantins, São Francisco, Paraná).",Tocantins; Indeterminada; São Francisco; Paraná,SGB RECMIN (provincia),texto,0.0,4,Tocantins,
06_dim_ocorrencias_geologicas,real,rochas_hospedeiras,,Rochas que hospedam a mineralização.,texto,SGB RECMIN,texto,29.7,141,Serpentinito,
06_dim_ocorrencias_geologicas,real,rochas_encaixantes,,Rochas encaixantes da mineralização.,texto,SGB RECMIN,texto,51.5,174,Serpentinito,
06_dim_ocorrencias_geologicas,real,rochas_afloramento,,Rochas descritas no afloramento.,texto,SGB RECMIN (rochas),texto,96.0,50,Ultramilonito,
06_dim_ocorrencias_geologicas,real,morfologia,,"Morfologia do corpo mineralizado (filoneana, estratificada, lenticular…).",,SGB RECMIN,texto,11.0,53,"Stockwork, Venular",
06_dim_ocorrencias_geologicas,real,texturas,,Textura da mineralização.,,SGB RECMIN,texto,11.2,19,Granular,
06_dim_ocorrencias_geologicas,real,tipos_alteracao,,Alterações hidrotermais/intempéricas associadas.,,SGB RECMIN,texto,90.9,31,"Propilitização, Silicificação, Sulfetação",
06_dim_ocorrencias_geologicas,real,tipo_afloramento,,"Tipo de afloramento (pedreira, mina, corte de estrada…); vazio na maioria.",,SGB RECMIN,texto,90.0,13,Material disperso na superfície,
06_dim_ocorrencias_geologicas,real,descricao,,Descrição do afloramento no RECMIN (preenchida em poucas ocorrências).,texto,—,texto,96.2,69,"Rocha leucocratica cinza-clara, fina, equigranular, a base d",
06_dim_ocorrencias_geologicas,real,projeto_sgb,,Projeto de mapeamento do SGB que cadastrou a ocorrência; vazio na maioria.,texto,SGB RECMIN (projeto),texto,92.1,8,Geologia e Metalogenia do Oeste de Goiás,
06_dim_ocorrencias_geologicas,real,folha_sgb,,Folha cartográfica do SGB.,texto,SGB RECMIN (folha),texto,92.1,17,Itaberai,
06_dim_ocorrencias_geologicas,real,numero_campo,,Número de campo do ponto no projeto do SGB.,texto,SGB RECMIN,texto,92.1,142,PV-0042,
06_dim_ocorrencias_geologicas,real,afloramento_id_sgb,,id_afloramento do GeoSGB (1:1 com a ocorrência em Goiás).,número,SGB RECMIN,inteiro,0.0,1796,204020,
06_dim_ocorrencias_geologicas,real,data_cadastro,,"Data de cadastro no banco do GeoSGB — data de carga (82% em 2003), não de descoberta.",AAAA-MM-DD,SGB RECMIN,texto,0.0,193,2001-11-19,
06_dim_ocorrencias_geologicas,real,categoria_anm_sobreposta,,Categoria mais avançada (Base 4) dos processos da ANM cujo polígono contém o ponto; fora_de_processo se nenhum.,5_pesquisa; fora_de_processo; 2_lavra_sem_cfem_recente; 4_pre_lavra; 7_disponibilidade; 1_operacao_ativa; 6_requerimento_licenc_garimpeira; 3_cfem_sem_titulo_de_lavra,Derivado — SIGMINE (junção espacial),texto,0.0,8,5_pesquisa,
06_dim_ocorrencias_geologicas,real,processos_anm_sobrepostos,,Processos da ANM cujo polígono contém o ponto.,<número>/<ano> separados por ';',Derivado — SIGMINE,texto,30.6,958,860343/2022,
06_dim_ocorrencias_geologicas,real,operation_ids_sobrepostos,,operation_id desses processos (03).,OPE_… separados por ';',Derivado — SIGMINE + 03,texto,30.6,958,OPE_860343_2022,
06_dim_ocorrencias_geologicas,real,project_ids_sobrepostos,,Projetos da 04 que contêm esses processos.,PRJ_… separados por ';',Derivado — 04,texto,87.6,122,PRJ_861211_2015,
06_dim_ocorrencias_geologicas,real,valor_observado_estimado,,"observado, calculado, estimado ou benchmark (Contrato de Dados §1; Entrega Avaliativa §3).",observado,Governança,texto,0.0,1,observado,
06_dim_ocorrencias_geologicas,real,metodo_estimacao,,Vazio: a 06 só tem valores observados na fonte.,texto,Governança,vazio,100.0,0,,coluna 100% vazia
06_dim_ocorrencias_geologicas,real,status_validacao,,"valido, ou alerta_localizacao quando a UF ou o município digitados no RECMIN divergem da malha do IBGE (detalhe em observacao).",valido; alerta_localizacao,Governança,texto,0.0,2,valido,
06_dim_ocorrencias_geologicas,real,responsavel_validacao,,Quem validou o valor.,texto,Governança,texto,0.0,1,Squad 1 / Estudante 1 — checagens automáticas do pipeline (v,
06_dim_ocorrencias_geologicas,real,source_id,sim,"Fontes da linha separadas por ';': RECMIN (a ocorrência), malha do IBGE (município) e SIGMINE (processos sobrepostos).",SRC_*,Governança,texto,0.0,1,SRC_SGB_RECMIN; SRC_IBGE_MALHA_2025; SRC_ANM_SIGMINE,
06_dim_ocorrencias_geologicas,real,source_url,,"URL de cada fonte, na mesma ordem de source_id (igual a url_recurso da 07; a do RECMIN é a requisição WFS usada).",URL,07_dim_fontes,texto,0.0,1,https://geoservicos.sgb.gov.br/geoserver/ows?service=WFS&ver,
06_dim_ocorrencias_geologicas,real,data_acesso,,"Data do arquivo local de cada fonte, na mesma ordem de source_id (igual a data_arquivo_local da 07).",AAAA-MM-DD,07_dim_fontes,texto,0.0,1,2026-09-12; 2026-09-10; 2026-09-10,
06_dim_ocorrencias_geologicas,real,periodo_referencia,,Data de cadastro da ocorrência no GeoSGB.,AAAA ou AAAA-MM,fonte da linha,texto,0.0,193,cadastro no GeoSGB em 2001-11-19,
06_dim_ocorrencias_geologicas,real,tipo_fonte,,Natureza da fonte (Entrega Avaliativa 1).,oficial,—,texto,0.0,1,oficial,
06_dim_ocorrencias_geologicas,real,observacao,,"Nota da linha: município ou UF divergente, coordenada repetida, motivo do garimpo diferente, substância sem categoria ANM.",texto livre,—,texto,98.4,25,município informado no RECMIN: Pirenópolis; o ponto cai em S,
06b_crosswalk_recmin,auditoria,substancia_original,,Nome da substância exatamente como no RECMIN.,texto,SGB RECMIN,texto,0.0,79,Índio,
06b_crosswalk_recmin,auditoria,substancia_normalizada,,"Nome normalizado (maiúsculas, sem acento) usado no crosswalk.",texto,Derivado,texto,0.0,79,INDIO,
06b_crosswalk_recmin,auditoria,ocorrencias,,Ocorrências de Goiás que citam a substância.,contagem,SGB RECMIN,inteiro,0.0,34,3,
06b_crosswalk_recmin,auditoria,mineral_id,sim,Mineral canônico da 01 atribuído à substância; vazio quando não há categoria ANM.,MIN_### (3 dígitos),Derivado — 01_dim_minerais / crosswalk 01b,texto,2.5,54,MIN_059,
06b_crosswalk_recmin,auditoria,mineral_name,sim,Nome padronizado do mineral (campo fixado no Contrato de Dados).,texto,01_dim_minerais,texto,2.5,54,Rochas (Britadas) e Cascalho,
06b_crosswalk_recmin,auditoria,tipo_correspondencia,,"crosswalk_base1 (mesmo mapeamento das bases ANM), sinonimo_recmin (decidido um a um) ou sem_categoria_anm.",sem_categoria_anm; sinonimo_recmin; crosswalk_base1,Derivado,texto,0.0,3,sem_categoria_anm,
06b_crosswalk_recmin,auditoria,justificativa,,Por que a substância foi ligada a esse mineral (ou ficou sem categoria).,texto,Pente fino da 06,texto,0.0,25,"sem categoria ANM: subproduto de zinco/estanho, sem lavra pr",
07_dim_fontes,real,source_id,sim,Identificador estável e legível da fonte (referenciado pelas colunas source_ids).,SRC_*,Governança,texto,0.0,20,SRC_ANM_PROD_BRUTA,
07_dim_fontes,real,nome_fonte,,Nome da fonte e do recurso.,texto,—,texto,0.0,20,ANM — Anuário Mineral Brasileiro (AMB): produção bruta (miné,
07_dim_fontes,real,orgao,,Órgão produtor.,ANM; IBGE; SGB; IMB; interno (base ANM),—,texto,0.0,5,ANM,
07_dim_fontes,real,tipo_fonte,,Natureza da fonte (Entrega Avaliativa 1).,oficial; derivada,—,texto,0.0,2,oficial,
07_dim_fontes,real,status_uso,,Se a fonte alimenta alguma aba real (calculado pelas citações em source_ids).,"em uso; disponível em dados/, ainda não usada; usada só como validação cruzada (14b: produção do estado × AMB); usada só como validação cruzada; disponível em dados/, não usada (o pipeline usa a malha 2025); referência (PDF, não estruturado)",Governança,texto,0.0,6,em uso,
07_dim_fontes,real,usado_em,,Abas que citam a fonte e em quantas linhas.,texto,Governança,texto,50.0,9,01_dim_minerais (56 linhas); 08_fato_producao_energia (46.47,
07_dim_fontes,real,url_catalogo,,Página oficial do conjunto de dados.,URL,metadados oficiais / verificação web,texto,0.0,11,https://dadosabertos.anm.gov.br/AMB/,
07_dim_fontes,real,url_recurso,,URL do arquivo ou da consulta equivalente.,URL,metadados oficiais / verificação web,texto,0.0,17,https://dadosabertos.anm.gov.br/AMB/Producao_Bruta.csv,
07_dim_fontes,real,metadados_oficiais,,Onde estão os metadados oficiais.,texto,—,texto,35.0,12,https://dadosabertos.anm.gov.br/AMB/metadados-amb.ods (cópia,
07_dim_fontes,real,arquivo_local,,Arquivo(s) em dados/.,caminho,—,texto,0.0,20,dados/ANM/producao_amb_ral/Producao_Bruta.csv,
07_dim_fontes,real,arquivos,,Quantidade de arquivos locais.,contagem,—,inteiro,0.0,5,1,
07_dim_fontes,real,tamanho_mb,,Tamanho do arquivo.,MB,—,decimal,0.0,18,0.99,
07_dim_fontes,real,sha256,,Hash SHA-256 do arquivo (ou do conjunto de arquivos) usado.,hex,calculado,texto,0.0,20,6fca5e529bee0b1e7a6822802ba2e19cb6b8109f83707913e4254086ef4a,
07_dim_fontes,real,data_arquivo_local,,Data de modificação do arquivo local (proxy da data de acesso).,AAAA-MM-DD,calculado,texto,0.0,3,2026-09-10,
07_dim_fontes,real,periodo_coberto,,Período efetivamente presente no arquivo (calculado dos dados).,texto,calculado,texto,0.0,18,2010–2025,
07_dim_fontes,real,granularidade,,Grão da fonte.,texto,—,texto,0.0,18,UF × classe × substância × ano,
07_dim_fontes,real,formato_declarado,,Formato segundo os metadados oficiais.,texto,metadados oficiais,texto,0.0,10,CSV separado por ponto e vírgula; Windows-1252,
07_dim_fontes,real,formato_arquivo_local,,Formato observado no arquivo local.,texto,calculado,texto,5.0,7,CSV separado por vírgula; lido como Windows-1252,
07_dim_fontes,real,frequencia_atualizacao,,Frequência de atualização declarada.,texto,metadados oficiais,texto,0.0,10,diária (metadados ANM),
07_dim_fontes,real,confiabilidade,,Avaliação de confiabilidade para o uso no projeto.,texto,—,texto,0.0,11,"alta (oficial), porém declaratória",
07_dim_fontes,real,limitacoes_conhecidas,,Limitações e armadilhas encontradas no pente fino.,texto,"Pente fino (auditorias 01b, 02b, 05b, 13b)",texto,0.0,20,Declaratório (RAL): a ANM alerta para inconsistências — dive,
08_fato_producao_energia,real,fato_id,,"Identificador da medida, sequencial na ordem (fonte, linha da fonte, coluna). Estável enquanto o arquivo da fonte for o mesmo (sha256 na 07).",FATO_###### (6 dígitos),Derivado,texto,0.0,153855,FATO_000001,
08_fato_producao_energia,real,metrica,,"O que a linha mede, uma por coluna numérica da fonte.",AMB bruta: producao_rom; contido_rom; venda_rom; valor_venda_rom; consumo_mina_rom; valor_consumo_mina_rom; transferencia_rom; valor_transferencia_rom | AMB beneficiada: producao_beneficiada; contido_beneficiada; venda_beneficiada; valor_venda_beneficiada; consumo_usina_beneficiada; valor_consumo_usina_beneficiada; transferencia_beneficiada; valor_transferencia_beneficiada | CFEM: quantidade_comercializada_cfem; cfem_recolhido,coluna_original da fonte,texto,0.0,18,producao_rom,
08_fato_producao_energia,real,year,sim,"Ano da medida (contrato): ano base no AMB, ano de competência na CFEM.",AAAA,—,inteiro,0.0,17,2010,
08_fato_producao_energia,real,periodo_referencia,,"Período da medida (Entrega Avaliativa §3): ano base no AMB, competência mensal na CFEM.",AAAA ou AAAA-MM,fonte da linha,texto,0.0,72,2010,
08_fato_producao_energia,real,uf,,UF da linha na fonte. AMB: todas as UFs (a linha BR da 09 é a soma delas); CFEM: sempre GO.,,—,texto,0.0,27,AC,
08_fato_producao_energia,real,mineral_id,sim,"Mineral da medida. AMB: categoria oficial (01b); CFEM: crosswalk da substância, com rochas pelo tipo de uso (01c). Mesma atribuição da 09.",MIN_### (3 dígitos),Derivado — 01_dim_minerais / crosswalk 01b,texto,0.0,61,MIN_034,
08_fato_producao_energia,real,mineral_name,sim,Nome padronizado do mineral de mineral_id (contrato).,texto,01_dim_minerais,texto,0.0,61,Areia,
08_fato_producao_energia,real,company_id,sim,"Só na CFEM, pela ponte do número do processo (igual à 11). Vazio no AMB, que não identifica empresa.","COM_CNPJ_########, COM_CPF_###########, COM_NOME_<8 hex>, COM_NAO_IDENTIFICADO","Derivado — Cadastro Mineiro (Titular, CPF/CNPJ)",texto,49.5,585,COM_CNPJ_00969944,
08_fato_producao_energia,real,operation_id,sim,"Só na CFEM, quando o processo tem poligonal no SIGMINE de GO (03_dim_operacoes). Vazio no AMB (grão UF).",OPE_<número>_<ano>,Derivado — SIGMINE.PROCESSO,texto,53.2,980,OPE_860582_1995,
08_fato_producao_energia,real,processo_anm,,Só na CFEM: Processo + AnoDoProcesso em formato canônico — identifica também os processos sem poligonal (sem operation_id).,texto,SIGMINE.PROCESSO / CFEM (Processo + AnoDoProcesso),texto,49.5,1129,860582/1995,
08_fato_producao_energia,real,project_id,sim,Vazio: nenhuma fonte do Squad 1 / Estudante 1 identifica projeto (vem do Radar de Projetos).,PRJ_<número>_<ano>,Derivado — SIGMINE (camada ANM do Radar de Projetos),vazio,100.0,0,,coluna 100% vazia
08_fato_producao_energia,real,municipality_id,sim,"Só na CFEM (CodigoMunicipio, igual à 10). Vazio no AMB (grão UF).",52##### (7 dígitos),IBGE — malha 2025 (CD_MUN),texto,49.5,184,5201108,
08_fato_producao_energia,real,valor_original,,Texto exatamente como na célula da fonte (vírgula decimal; a notação científica corrompida da CFEM é preservada). Nunca sobrescrito.,texto,fonte da linha,texto,0.0,76740,"155024,500000",
08_fato_producao_energia,real,unidade_original,,"Unidade exatamente como veio da fonte, antes da conversão para a unidade padrão.",texto,fonte da linha,texto,0.0,9,t,
08_fato_producao_energia,real,tratamento,,O que foi feito entre valor_original e valor_tratado. Vazio = só a leitura do número (vírgula decimal).,texto,Derivado — regras da Base 1 (09b),texto,91.1,9,"kg → t (× 0,001)",
08_fato_producao_energia,real,valor_tratado,,"Valor final na unidade padrão: massa convertida para t (contrato), R$ como BRL, m3/l/m2 sem conversão (sem densidade). Vazio quando a quantidade saiu da soma (09b). É a coluna que as abas 09–11 somam.",número,Derivado,decimal,0.1,74966,155024.5,
08_fato_producao_energia,real,unidade_padrao,,Unidade de valor_tratado.,t; BRL; l; m3; m2,Contrato de Dados (produção em t),texto,0.2,5,t,
08_fato_producao_energia,real,production_basis,sim,"Base física da quantidade (campo do contrato): ROM (produção bruta), beneficiada ou conteudo_mineral (contido). Vazio para valores em R$ e para a CFEM, que não informa a base.",ROM; conteudo_mineral; beneficiada,Contrato de Dados / AMB,texto,70.6,3,ROM,
08_fato_producao_energia,real,valor_observado_estimado,,"observado, calculado, estimado ou benchmark (Contrato de Dados §1; Entrega Avaliativa §3).",observado,Governança,texto,0.0,1,observado,
08_fato_producao_energia,real,metodo_estimacao,,Vazio: a 08 só tem valores observados na fonte.,texto,Governança,vazio,100.0,0,,coluna 100% vazia
08_fato_producao_energia,real,erro_estimativa_intervalo,,Erro ou intervalo de referência da estimativa (obrigatório quando o dado não é observado).,texto/número,Método de estimação,vazio,100.0,0,,coluna 100% vazia
08_fato_producao_energia,real,status_validacao,,"Situação da validação do valor. Na 08: valido = entra nas somas; quantidade_excluida_da_soma_09b = quantidade corrompida ou implausível, fora da soma (o R$ fica); alerta_processo_09c = processo sinalizado, mantido na soma; alerta_producao_repetida = a mesma tonelagem aparece em outra linha da mesma UF e ano (co-produto, teor ou categoria), mantida na soma — não somar entre essas linhas.",valido; alerta_producao_repetida; alerta_processo_09c; quantidade_excluida_da_soma_09b,Governança,texto,0.0,4,valido,
08_fato_producao_energia,real,responsavel_validacao,,Quem validou o valor.,texto,Governança,texto,0.0,1,Squad 1 / Estudante 1 — checagens automáticas do pipeline (v,
08_fato_producao_energia,real,source_id,sim,Identificador estável e legível da fonte (referenciado pelas colunas source_ids).,SRC_*,Governança,texto,0.0,3,SRC_ANM_PROD_BRUTA,
08_fato_producao_energia,real,tipo_fonte,,Natureza da fonte (Entrega Avaliativa 1).,oficial,—,texto,0.0,1,oficial,
08_fato_producao_energia,real,source_url,,URL do recurso na fonte oficial (igual a url_recurso da 07).,URL,07_dim_fontes,texto,0.0,3,https://dadosabertos.anm.gov.br/AMB/Producao_Bruta.csv,
08_fato_producao_energia,real,data_acesso,,Data do arquivo local usado (igual a data_arquivo_local da 07; proxy da data de acesso).,AAAA-MM-DD,07_dim_fontes,texto,0.0,1,2026-09-10,
08_fato_producao_energia,real,source_file,,Arquivo exato em dados/ de onde a medida veio.,caminho relativo ao repositório,—,texto,0.0,3,dados/ANM/producao_amb_ral/Producao_Bruta.csv,
08_fato_producao_energia,real,source_linha,,"Linha do arquivo (cabeçalho = linha 1). Com source_file e coluna_original, aponta a célula exata.",número da linha,—,inteiro,0.0,38854,2,
08_fato_producao_energia,real,coluna_original,,Nome da coluna da fonte de onde veio o valor.,texto,—,texto,0.0,15,Quantidade Produção - Minério ROM (t),
08_fato_producao_energia,real,mineral_nome_original,,"Substância exatamente como escrita na fonte, antes do crosswalk para mineral_id (01b/01c).",texto,fonte da linha,texto,0.0,111,Areia,
08_fato_producao_energia,real,notas,,Notas de rastreabilidade da linha.,texto livre,—,texto,89.7,206,"mesma tonelagem da linha 13 (Columbita-Tantalita, contido Nb",
09_cons_mineral_ano,real,mineral_id,sim,"Identificador estável do mineral. Atribuído por ordenação (classe, nome) sobre as 57 categorias oficiais da ANM + subitens justificados; nunca por hash do nome. Para rochas, a categoria depende do tipo de uso declarado (ver 01c).",MIN_### (3 dígitos),Derivado — 01_dim_minerais / crosswalk 01b,texto,0.0,66,MIN_001,
09_cons_mineral_ano,real,mineral_name,sim,Nome padronizado do mineral (campo fixado no Contrato de Dados).,texto,01_dim_minerais,texto,0.0,66,Carvão Mineral,renomeada de 'mineral_nome' na v6
09_cons_mineral_ano,real,classe_substancia,,Classe da substância segundo a ANM.,Energéticos; Gemas e Diamantes; Metálicos; Não-Metálicos,ANM AMB / definição da dimensão,texto,0.0,4,Energéticos,
09_cons_mineral_ano,real,uf,,"GO = Goiás; BR = soma nacional de todas as UFs, para comparação.",BR; GO,—,texto,0.0,2,BR,
09_cons_mineral_ano,real,year,sim,Ano de referência (contrato). Vazio = linha-fotografia de mineral só com título (sem produção nem CFEM).,AAAA,—,inteiro,1.5,17,2010,renomeada de 'ano' na v6
09_cons_mineral_ano,real,production_t_rom,,"Produção bruta (minério ROM): massa de minério, NÃO metal contido. No contrato, equivale a production_t com production_basis = ROM.",t,ANM AMB — produção bruta,decimal,6.6,1169,11840668.63,renomeada de 'producao_rom_t' na v6
09_cons_mineral_ano,real,production_beneficiada,,"Produção beneficiada, na unidade de production_beneficiada_unit. Só equivale a production_t (basis = beneficiada) quando a unidade é t; não somar entre minerais.",ver production_beneficiada_unit,ANM AMB — produção beneficiada,decimal,19.5,1036,5743341.309999999,renomeada de 'producao_beneficiada' na v6
09_cons_mineral_ano,real,production_beneficiada_unit,,Unidade da produção beneficiada.,t; ct; kg,ANM AMB — produção beneficiada,texto,19.5,3,t,renomeada de 'unidade_beneficiada' na v6
09_cons_mineral_ano,real,valor_venda_beneficiada_brl,,Valor de venda da produção beneficiada.,R$ nominais,ANM AMB — produção beneficiada,decimal,19.5,986,696096534.9200001,
09_cons_mineral_ano,real,cfem_qtd_comercializada_t,,"Quantidade comercializada declarada na CFEM, só unidades de massa convertidas para t (kg, g, quilate), sem as linhas corrompidas ou implausíveis (ver 09b). NÃO é produção. NÃO USAR COMO PROXY DE PRODUÇÃO sem validação mineral a mineral: a CFEM não informa a base (minério bruto, concentrado ou metal), que varia entre substâncias e declarantes, e dezenas de mineral-anos ficam fora da faixa de 0,05–2× da produção do AMB (lista e causas conhecidas na 14b).",t,"ANM CFEM (QuantidadeComercializada, UnidadeDeMedida)",decimal,89.7,138,3.912e-06,"Na fonte: UNIDADES MISTURADAS no mesmo mineral — a soma não é fisicamente comparável: Amianto (kg, t); Areia (kg, m3, t); Argilas (kg, m3, t); Calcário (kg, m3, t); Calcário Calcítico (kg, t); Calcário Dolomítico (kg, t); Dolomito e Magnesita (kg, t); Manganês (kg, t); Ouro (g, kg); Prata (g, kg); Quartzo (Cristal) e outros Piezelétricos (kg, m3, t); Rochas (Britadas) e Cascalho (kg, m3, t); Rochas Ornamentais (m2, m3, t); Rochas Ornamentais - Outras (kg, m3, t); Vermiculita e Perlita (kg, t); Água Mineral (l, m3)"
09_cons_mineral_ano,real,cfem_qtd_outras_unidades,,"Quantidade comercializada em unidades sem conversão para t (m³, l, m²), somada por unidade.",texto '<unidade>: <quantidade>' separado por ';',"ANM CFEM (QuantidadeComercializada, UnidadeDeMedida)",texto,97.3,33,m3: 0.000,"Na fonte: UNIDADES MISTURADAS no mesmo mineral — a soma não é fisicamente comparável: Amianto (kg, t); Areia (kg, m3, t); Argilas (kg, m3, t); Calcário (kg, m3, t); Calcário Calcítico (kg, t); Calcário Dolomítico (kg, t); Dolomito e Magnesita (kg, t); Manganês (kg, t); Ouro (g, kg); Prata (g, kg); Quartzo (Cristal) e outros Piezelétricos (kg, m3, t); Rochas (Britadas) e Cascalho (kg, m3, t); Rochas Ornamentais (m2, m3, t); Rochas Ornamentais - Outras (kg, m3, t); Vermiculita e Perlita (kg, t); Água Mineral (l, m3)"
09_cons_mineral_ano,real,cfem_qtd_linhas_excluidas,,Linhas da CFEM do mineral no ano cuja quantidade saiu da soma (o R$ foi mantido). Detalhe linha a linha na aba 09b.,contagem,Derivado — regra da 09b,inteiro,89.4,8,0,
09_cons_mineral_ano,real,cfem_recolhido_brl,,CFEM recolhida em GO para o mineral no ano (vazia nas linhas BR: só temos CFEM de GO).,R$ nominais,ANM CFEM (ValorRecolhido),decimal,89.4,144,732.2,
09_cons_mineral_ano,real,qtd_titulares_cfem,,"Titulares distintos que recolheram CFEM para o mineral (2022–2026). ATENÇÃO: contado pelo CPF_CNPJ da CFEM, que está corrompido (notação científica) — CNPJs diferentes podem colidir, então é um limite inferior aproximado. Recalcular pela ponte do número do processo (pendente).",contagem,ANM CFEM (CPF_CNPJ),inteiro,62.8,18,1,
09_cons_mineral_ano,real,qtd_processos_cadastro_mineiro,,"Processos distintos em GO com título citando o mineral — fotografia atual, repetida em todas as linhas do mineral.",contagem,Cadastro Mineiro,inteiro,62.8,48,857,
09_cons_mineral_ano,real,qtd_titulares_cadastro_mineiro,,"Titulares distintos com título — fotografia atual, repetida em todas as linhas.",contagem,Cadastro Mineiro,inteiro,62.8,44,484,
09_cons_mineral_ano,real,qtd_processos_sigmine,,Processos com polígono no SIGMINE — fotografia atual.,contagem,SIGMINE,inteiro,62.8,41,322,
09_cons_mineral_ano,real,categoria_agregada_anm,,"VERDADEIRO quando o nome é uma categoria composta da própria ANM (ex.: 'Dolomito e Magnesita'), que não pode ser desagregada.",booleano,ANM AMB,booleano,0.0,2,False,
09_cons_mineral_ano,real,status_producao_go,,"Evidência de produção em Goiás, CALCULADA: confirmada = há produção ANM ou CFEM em GO; exploracao = só título minerário; sem_titulo_ou_producao_go = categoria nacional sem ocorrência em GO.",sem_titulo_ou_producao_go; confirmada; exploracao,Derivado — AMB + CFEM + Cadastro Mineiro + SIGMINE,texto,0.0,3,sem_titulo_ou_producao_go,
09_cons_mineral_ano,real,source_ids,sim,"Fontes de onde vieram os valores da linha. Cada fonte entra se, e somente se, alguma coluna da linha veio dela.",SRC_* separados por ';' (IDs da aba 07),Governança,texto,0.0,17,SRC_ANM_PROD_BRUTA; SRC_ANM_PROD_BENEF,
09_cons_mineral_ano,real,observacao,,Nota metodológica ou de rastreabilidade da linha.,texto livre,—,texto,21.6,51,Categoria oficial nacional; sem ocorrência em GO nas bases a,
09_cons_mineral_ano,real,source_url,,"URL de cada fonte da linha, na mesma ordem de source_ids (igual a url_recurso da 07).",URL,07_dim_fontes,texto,0.0,17,https://dadosabertos.anm.gov.br/AMB/Producao_Bruta.csv; http,
09_cons_mineral_ano,real,data_acesso,,"Data do arquivo local de cada fonte, na mesma ordem de source_ids (igual a data_arquivo_local da 07).",AAAA-MM-DD,07_dim_fontes,texto,0.0,5,2026-09-10; 2026-09-10,
09_cons_mineral_ano,real,periodo_referencia,,Ano da linha; 2026 é parcial (CFEM com registros até o início de agosto).,AAAA ou AAAA-MM,fonte da linha,texto,0.0,18,2010,
09_cons_mineral_ano,real,tipo_fonte,,"Tipo das fontes da linha (oficial, companhia, setorial, imprensa ou derivada), como na 07.",oficial,—,texto,0.0,1,oficial,
09_cons_mineral_ano,real,valor_observado_estimado,,"observado: somas de valores observados das fontes (linhas da 08), sem estimativa.",observado,Governança,texto,0.0,1,observado,
09_cons_mineral_ano,real,metodo_estimacao,,Método quando o valor não é observado; vazio nas linhas observadas.,texto,Governança,vazio,100.0,0,,coluna 100% vazia
09_cons_mineral_ano,real,status_validacao,,"valido, ou os alertas das linhas da 08 que entram na soma (alerta_processo_09c, quantidade_excluida_da_soma_09b, alerta_producao_repetida), separados por ';'.",valido; alerta_producao_repetida; alerta_processo_09c; alerta_processo_09c; alerta_producao_repetida; alerta_processo_09c; quantidade_excluida_da_soma_09b; quantidade_excluida_da_soma_09b,Governança,texto,0.0,6,valido,
09_cons_mineral_ano,real,responsavel_validacao,,"Quem validou: as checagens automáticas do pipeline, registradas na 14b.",texto,Governança,texto,0.0,1,Squad 1 / Estudante 1 — checagens automáticas do pipeline (v,
09b_auditoria_cfem_quantidade,auditoria,mineral_id,sim,"Identificador estável do mineral. Atribuído por ordenação (classe, nome) sobre as 57 categorias oficiais da ANM + subitens justificados; nunca por hash do nome. Para rochas, a categoria depende do tipo de uso declarado (ver 01c).",MIN_### (3 dígitos),Derivado — 01_dim_minerais / crosswalk 01b,texto,0.0,10,MIN_034,
09b_auditoria_cfem_quantidade,auditoria,mineral_name,sim,Nome padronizado do mineral (campo fixado no Contrato de Dados).,texto,01_dim_minerais,texto,0.0,10,Areia,
09b_auditoria_cfem_quantidade,auditoria,year,sim,Ano de referência (campo fixado no Contrato de Dados).,AAAA,—,inteiro,0.0,5,2026,
09b_auditoria_cfem_quantidade,auditoria,month,,Mês de competência da CFEM.,1 a 12,ANM CFEM (Mês),inteiro,0.0,12,4,
09b_auditoria_cfem_quantidade,auditoria,processo_anm,,"Número do processo na ANM, formato canônico <número sem zeros à esquerda>/<ano>.",texto,SIGMINE.PROCESSO / CFEM (Processo + AnoDoProcesso),texto,0.0,26,860299/1993,
09b_auditoria_cfem_quantidade,auditoria,substancia_original,,Nome da substância exatamente como no RECMIN.,texto,SGB RECMIN,texto,0.0,14,AREIA,
09b_auditoria_cfem_quantidade,auditoria,unidade_original,,"Unidade exatamente como veio da fonte, antes da conversão para a unidade padrão.",texto,fonte da linha,texto,0.0,4,t,
09b_auditoria_cfem_quantidade,auditoria,quantidade_bruta,,Quantidade comercializada exatamente como veio na fonte (texto).,texto,ANM CFEM (QuantidadeComercializada),texto,0.0,88,16100250590,
09b_auditoria_cfem_quantidade,auditoria,quantidade_convertida,,Quantidade após conversão para a unidade padronizada (vazia se ilegível).,ver unidade_convertida,Derivado,decimal,9.0,80,16100250590,
09b_auditoria_cfem_quantidade,auditoria,unidade_convertida,,"Unidade padronizada usada na comparação (t para massa; m³, l ou m² sem conversão).",t; m3; l,Derivado,texto,0.0,3,t,
09b_auditoria_cfem_quantidade,auditoria,valor_recolhido_brl,,Valor da CFEM recolhido na linha (mantido nas somas em R$).,R$ nominais,ANM CFEM (ValorRecolhido),decimal,0.0,88,137.35,
09b_auditoria_cfem_quantidade,auditoria,r_por_unidade,,R$ recolhido por unidade de quantidade na linha.,R$ por unidade,Derivado,decimal,9.0,80,8.530923120246912e-09,
09b_auditoria_cfem_quantidade,auditoria,mediana_r_por_unidade_mineral,,Mediana do R$ por unidade entre as linhas válidas do mesmo mineral e unidade (referência da regra de plausibilidade).,R$ por unidade,Derivado,decimal,0.0,13,0.2905771511522891,
09b_auditoria_cfem_quantidade,auditoria,motivo,,Por que a quantidade da linha saiu da soma.,quantidade implausível: R$ por unidade mais de 1.000× abaixo da mediana do mesmo mineral e unidade; quantidade em notação científica (valor corrompido na exportação),Derivado — regra da 09b,texto,0.0,2,quantidade implausível: R$ por unidade mais de 1.000× abaixo,
09c_alertas_cfem_processo,auditoria,mineral_id,sim,"Identificador estável do mineral. Atribuído por ordenação (classe, nome) sobre as 57 categorias oficiais da ANM + subitens justificados; nunca por hash do nome. Para rochas, a categoria depende do tipo de uso declarado (ver 01c).",MIN_### (3 dígitos),Derivado — 01_dim_minerais / crosswalk 01b,texto,0.0,11,MIN_025,
09c_alertas_cfem_processo,auditoria,mineral_name,sim,Nome padronizado do mineral (campo fixado no Contrato de Dados).,texto,01_dim_minerais,texto,0.0,11,Prata,
09c_alertas_cfem_processo,auditoria,year,sim,Ano de referência (campo fixado no Contrato de Dados).,AAAA,—,inteiro,0.0,5,2025,
09c_alertas_cfem_processo,auditoria,processo_anm,,"Número do processo na ANM, formato canônico <número sem zeros à esquerda>/<ano>.",texto,SIGMINE.PROCESSO / CFEM (Processo + AnoDoProcesso),texto,0.0,23,960658/1987,
09c_alertas_cfem_processo,auditoria,substancias,,Substâncias declaradas pelo processo na CFEM.,texto separado por ';',ANM CFEM (Substância),texto,0.0,14,MINÉRIO DE PRATA,
09c_alertas_cfem_processo,auditoria,usos,,Tipos de uso atribuídos às rochas do processo (vazio para não-rochas).,texto separado por ';',Derivado — regra da 01c,texto,73.3,3,REVESTIMENTO,
09c_alertas_cfem_processo,auditoria,cfem_t_processo,,"Toneladas comercializadas declaradas por esse processo no ano, na categoria.",t,ANM CFEM,decimal,0.0,45,63.9996,
09c_alertas_cfem_processo,auditoria,amb_total_uf_t,,"Limite do AMB para Goiás na categoria e ano: maior entre produção bruta e beneficiada em t; nos metais que o AMB mede em kg (ouro, prata), a produção beneficiada convertida para t. Vazio = sem AMB no ano.",t,ANM AMB,decimal,2.2,26,0.043,
09c_alertas_cfem_processo,auditoria,amb_base,,"Qual medida do AMB serviu de limite: maior entre bruta e beneficiada em t, ou beneficiada em kg no caso de metal (a bruta desses minerais é tonelagem de minério).",texto,Derivado — regra da 09c,texto,0.0,3,"beneficiada do AMB em kg (metal), convertida para t",
09c_alertas_cfem_processo,auditoria,razao,,cfem_t_processo ÷ amb_total_uf_t. Acima de 1 = um único processo declara mais que o estado inteiro. Vazio = sem AMB no ano.,razão,Derivado,decimal,2.2,44,1488.362790697674,
09c_alertas_cfem_processo,auditoria,criterio,,"O que disparou o alerta: tonelagem acima do total estadual e/ou, em metais, R$/t mais de 10× abaixo da mediana do mineral.",texto,Derivado — regra da 09c,texto,0.0,3,tonelagem acima do total estadual; R$/t mais de 10× abaixo d,
09c_alertas_cfem_processo,auditoria,severidade,,"alta = mais de 2× o total estadual OU R$/t mais de 10× abaixo da mediana do mineral (nos metais medidos em kg, esse R$/t sozinho já gera alerta); moderada = entre 1 e 2× com R$/t compatível.",alta; moderada,Derivado — regra da 09c,texto,0.0,2,alta,
09c_alertas_cfem_processo,auditoria,valor_recolhido_brl,,Valor da CFEM recolhido na linha (mantido nas somas em R$).,R$ nominais,ANM CFEM (ValorRecolhido),decimal,0.0,45,8027.78,
09c_alertas_cfem_processo,auditoria,r_por_t,,R$ recolhido por tonelada declarada pelo processo.,R$/t,Derivado,decimal,0.0,45,125.4348464677904,
09c_alertas_cfem_processo,auditoria,mediana_r_por_t_mineral,,"Mediana do R$ por tonelada nas linhas da CFEM do mesmo mineral (todos os processos e anos), para comparar com r_por_t. Nos metais medidos em kg (ouro, prata) é ponderada pelo R$ recolhido, para não ser puxada pelas próprias declarações erradas.",R$/t,Derivado — ANM CFEM,decimal,0.0,11,75296.68778685048,
09c_alertas_cfem_processo,auditoria,observacao,,Nota metodológica ou de rastreabilidade da linha.,texto livre,—,texto,0.0,10,Um único processo declara mais toneladas comercializadas do ,
10_cons_municipio_ano,real,municipality_id,sim,Código IBGE do município (7 dígitos). Padrão externo estável.,52##### (7 dígitos),IBGE — malha 2025 (CD_MUN),texto,0.0,246,5200050,
10_cons_municipio_ano,real,municipality_name,sim,Nome oficial do município (campo fixado no Contrato de Dados).,texto,IBGE — malha 2025 (NM_MUN),texto,0.0,246,Abadia de Goiás,renomeada de 'municipio_nome' na v6
10_cons_municipio_ano,real,uf,,Sempre GO.,GO,—,texto,0.0,1,GO,
10_cons_municipio_ano,real,year,sim,Ano de referência (contrato): CFEM 2022–2026; população 2025; PIB 2023.,AAAA,—,inteiro,0.0,5,2022,renomeada de 'ano' na v6
10_cons_municipio_ano,real,area_km2,,Área oficial do município.,km²,IBGE — malha 2025 (AREA_KM2),decimal,0.0,246,143.357,
10_cons_municipio_ano,real,latitude,sim,Latitude do representative_point do polígono municipal (dentro do município; não é a sede).,"graus decimais, SIRGAS 2000",Derivado — geometria,decimal,0.0,246,-16.791129,
10_cons_municipio_ano,real,longitude,sim,Longitude do representative_point do polígono municipal (dentro do município; não é a sede).,"graus decimais, SIRGAS 2000",Derivado — geometria,decimal,0.0,246,-49.454403,
10_cons_municipio_ano,real,cfem_recolhido_brl,,CFEM recolhida no município no ano (CodigoMunicipio da CFEM).,R$ nominais,ANM CFEM (ValorRecolhido),decimal,19.0,773,10370.07,
10_cons_municipio_ano,real,cfem_qtd_titulares_distintos,,"Titulares distintos que recolheram CFEM no município no ano. ATENÇÃO: contado pelo CPF_CNPJ da CFEM, que está corrompido (notação científica) — CNPJs diferentes podem colidir, então é um limite inferior aproximado. Recalcular pela ponte do número do processo (pendente).",contagem,ANM CFEM (CPF_CNPJ),inteiro,0.0,23,2,
10_cons_municipio_ano,real,cfem_qtd_minerais_distintos,,Minerais canônicos distintos com CFEM no município no ano.,contagem,ANM CFEM → crosswalk 01b,inteiro,0.0,8,1,
10_cons_municipio_ano,real,qtd_processos_cadastro_mineiro,,"Processos distintos com título no município — fotografia atual, repetida em todas as linhas do município.",contagem,Cadastro Mineiro,inteiro,0.0,134,25,
10_cons_municipio_ano,real,qtd_titulares_cadastro_mineiro,,"Titulares distintos com título — fotografia atual, repetida em todas as linhas.",contagem,Cadastro Mineiro,inteiro,0.0,101,23,
10_cons_municipio_ano,real,principais_minerais,,Até 5 minerais mais citados nos títulos do município — fotografia atual.,texto separado por ';',Cadastro Mineiro → crosswalk 01b,texto,0.0,241,Rochas (Britadas) e Cascalho; Titânio; Ouro; Areia; Diamante,renomeada de 'principais_minerais_cadastro (snapshot)' na v6
10_cons_municipio_ano,real,populacao,,População residente estimada; preenchida só na linha do ano de referência (populacao_ano).,pessoas,"IBGE SIDRA 6579, variável 9324",inteiro,74.3,245,22052,
10_cons_municipio_ano,real,populacao_ano,,Ano de referência da população.,AAAA,IBGE SIDRA 6579,inteiro,0.0,1,2025,
10_cons_municipio_ano,real,pib_total_brl,,"PIB a preços correntes, convertido de mil reais (SIDRA) para R$; só na linha do ano de referência.",R$ correntes,"IBGE SIDRA 5938, variável 37",inteiro,74.3,246,477983000,
10_cons_municipio_ano,real,pib_ano,,Ano de referência do PIB.,AAAA,IBGE SIDRA 5938,inteiro,0.0,1,2023,
10_cons_municipio_ano,real,regiao_geografica_imediata,,Região geográfica imediata oficial do IBGE.,texto,IBGE — malha 2025 (NM_RGI),texto,0.0,22,Goiânia,
10_cons_municipio_ano,real,source_ids,sim,"Fontes de onde vieram os valores da linha. Cada fonte entra se, e somente se, alguma coluna da linha veio dela.",SRC_* separados por ';' (IDs da aba 07),Governança,texto,0.0,5,SRC_IBGE_MALHA_2025; SRC_ANM_CFEM; SRC_ANM_CADASTRO,
10_cons_municipio_ano,real,observacao,,Nota metodológica ou de rastreabilidade da linha.,texto livre,—,vazio,100.0,0,,coluna 100% vazia
10_cons_municipio_ano,real,source_url,,"URL de cada fonte da linha, na mesma ordem de source_ids (igual a url_recurso da 07).",URL,07_dim_fontes,texto,0.0,5,https://geoftp.ibge.gov.br/organizacao_do_territorio/malhas_,
10_cons_municipio_ano,real,data_acesso,,"Data do arquivo local de cada fonte, na mesma ordem de source_ids (igual a data_arquivo_local da 07).",AAAA-MM-DD,07_dim_fontes,texto,0.0,3,2026-09-10; 2026-09-10; 2026-09-10,
10_cons_municipio_ano,real,periodo_referencia,,Ano da linha; 2026 é parcial (CFEM com registros até o início de agosto).,AAAA ou AAAA-MM,fonte da linha,texto,0.0,5,2022,
10_cons_municipio_ano,real,tipo_fonte,,"Tipo das fontes da linha (oficial, companhia, setorial, imprensa ou derivada), como na 07.",oficial,—,texto,0.0,1,oficial,
10_cons_municipio_ano,real,valor_observado_estimado,,"observado: somas de valores observados das fontes (linhas da 08), sem estimativa.",observado,Governança,texto,0.0,1,observado,
10_cons_municipio_ano,real,metodo_estimacao,,Método quando o valor não é observado; vazio nas linhas observadas.,texto,Governança,vazio,100.0,0,,coluna 100% vazia
10_cons_municipio_ano,real,status_validacao,,"valido, ou os alertas das linhas da 08 que entram na soma (alerta_processo_09c, quantidade_excluida_da_soma_09b, alerta_producao_repetida), separados por ';'.",valido; alerta_processo_09c; quantidade_excluida_da_soma_09b; alerta_processo_09c; quantidade_excluida_da_soma_09b,Governança,texto,0.0,4,valido,
10_cons_municipio_ano,real,responsavel_validacao,,"Quem validou: as checagens automáticas do pipeline, registradas na 14b.",texto,Governança,texto,0.0,1,Squad 1 / Estudante 1 — checagens automáticas do pipeline (v,
11_cons_empresa_ano_mineral,real,company_id,sim,Identificador estável do titular. PJ: raiz do CNPJ (agrupa matriz e filiais). PF: CPF íntegro ou sha1 do nome normalizado (CPF mascarado por LGPD). COM_NAO_IDENTIFICADO = CFEM de processo ausente do Cadastro Mineiro e do SIGMINE.,"COM_CNPJ_########, COM_CPF_###########, COM_NOME_<8 hex>, COM_NAO_IDENTIFICADO","Derivado — Cadastro Mineiro (Titular, CPF/CNPJ)",texto,0.0,5045,COM_CNPJ_86902053,
11_cons_empresa_ano_mineral,real,razao_social,,Razão social mais frequente do titular nas fontes de título. CPF que venha dentro do nome (empresário individual) sai mascarado por LGPD: ***456789**.,texto,Cadastro Mineiro (Titular),texto,0.0,5036,MINERACAO MARACA INDUSTRIA E COMERCIO S/A,
11_cons_empresa_ano_mineral,real,cnpj_raiz,,8 primeiros dígitos do CNPJ: identificam a empresa (o restante é o estabelecimento).,8 dígitos; vazio para PF,Cadastro Mineiro (CPF/CNPJ do titular),texto,43.3,2269,86902053,
11_cons_empresa_ano_mineral,real,tipo_pessoa,,Natureza do titular.,PJ; indeterminado; PF,Cadastro Mineiro,texto,0.0,3,PJ,
11_cons_empresa_ano_mineral,real,mineral_id,sim,"Identificador estável do mineral. Atribuído por ordenação (classe, nome) sobre as 57 categorias oficiais da ANM + subitens justificados; nunca por hash do nome. Para rochas, a categoria depende do tipo de uso declarado (ver 01c).",MIN_### (3 dígitos),Derivado — 01_dim_minerais / crosswalk 01b,texto,0.0,59,MIN_011,
11_cons_empresa_ano_mineral,real,mineral_name,sim,Nome padronizado do mineral (campo fixado no Contrato de Dados).,texto,01_dim_minerais,texto,0.0,59,Cobre,renomeada de 'mineral_nome' na v6
11_cons_empresa_ano_mineral,real,year,sim,"Ano da CFEM (contrato). Vazio = mineral citado nos títulos do titular, sem CFEM.",AAAA,—,inteiro,79.8,5,2025,renomeada de 'ano' na v6
11_cons_empresa_ano_mineral,real,cfem_recolhido_brl,,"CFEM do titular para o mineral no ano, ligada pela ponte do número do processo. A soma da coluna bate com o arquivo bruto (R$ 867.578.398,91).",R$ nominais,ANM CFEM (ValorRecolhido),decimal,79.8,2056,66421926.66,
11_cons_empresa_ano_mineral,real,qtd_titulos_com_esse_mineral,,"Menções do mineral nos títulos do titular no Cadastro Mineiro (ocorrências, não processos distintos).",contagem,Cadastro Mineiro,inteiro,0.0,81,78,
11_cons_empresa_ano_mineral,real,qtd_processos_total_empresa,,Processos distintos do titular em Goiás.,contagem,Cadastro Mineiro,inteiro,0.0,67,154,
11_cons_empresa_ano_mineral,real,qtd_processos_sigmine,,Processos do titular no SIGMINE casados pelo NOME (a Base 4 mostra que a ponte do processo cobre mais: 92% × 66%).,contagem,SIGMINE,inteiro,0.0,66,173,
11_cons_empresa_ano_mineral,real,municipios_atuacao,,"Municípios onde o titular recolheu CFEM para o mineral no ano; sem CFEM, os municípios dos títulos. Até 6 nomes, em ordem alfabética; o total está em qtd_municipios_mineral_ano.",texto separado por ';',CFEM / Cadastro Mineiro,texto,0.0,1469,Alto Horizonte,
11_cons_empresa_ano_mineral,real,qtd_municipios_mineral_ano,,"Quantos municípios há por trás de municipios_atuacao, antes do corte em 6 nomes (mesma regra: CFEM do mineral no ano; sem CFEM, os dos títulos).",contagem,CFEM / Cadastro Mineiro,inteiro,0.0,29,1,
11_cons_empresa_ano_mineral,real,qtd_municipios,,"Municípios de Goiás onde o titular tem títulos — do titular inteiro (todos os minerais e fases), não só da linha; por isso pode diferir de qtd_municipios_mineral_ano. 0 em COM_NAO_IDENTIFICADO (processos fora do Cadastro Mineiro).",contagem,Cadastro Mineiro,inteiro,0.0,30,26,
11_cons_empresa_ano_mineral,real,fase_predominante,,Fase processual mais frequente nos títulos do titular.,texto (fases ANM),Cadastro Mineiro (Fase Atual),texto,0.6,11,Autorização de Pesquisa,
11_cons_empresa_ano_mineral,real,production_t,sim,VAZIO de propósito: a ANM não publica produção por empresa (gap QC07). Nome fixado no contrato.,t,—,vazio,100.0,0,,coluna 100% vazia | renomeada de 'producao_t' na v6
11_cons_empresa_ano_mineral,real,energy_mwh,sim,VAZIO de propósito: depende do pareamento com a CCEE (Squad 2). Nome fixado no contrato.,MWh,—,vazio,100.0,0,,coluna 100% vazia | renomeada de 'consumo_energia_mwh' na v6
11_cons_empresa_ano_mineral,real,energy_intensity_mwh_t,sim,VAZIO de propósito: energy_mwh / production_t na mesma production_basis. Nome fixado no contrato.,MWh/t,—,vazio,100.0,0,,coluna 100% vazia | renomeada de 'intensidade_mwh_t' na v6
11_cons_empresa_ano_mineral,real,identificacao_empresa,,Como o company_id foi atribuído.,raiz_cnpj; processo do CFEM ausente do Cadastro Mineiro e do SIGMINE; nome_casado_com_raiz_cnpj; nome (CPF mascarado por LGPD); nome (sem documento),Governança — resolução de entidade,texto,0.0,5,raiz_cnpj,renomeada de 'identificacao' na v6
11_cons_empresa_ano_mineral,real,source_ids,sim,"Fontes de onde vieram os valores da linha. Cada fonte entra se, e somente se, alguma coluna da linha veio dela.",SRC_* separados por ';' (IDs da aba 07),Governança,texto,0.0,4,SRC_ANM_CADASTRO; SRC_ANM_CFEM; SRC_ANM_SIGMINE,
11_cons_empresa_ano_mineral,real,observacao,,Nota metodológica ou de rastreabilidade da linha.,texto livre,—,vazio,100.0,0,,coluna 100% vazia
11_cons_empresa_ano_mineral,real,source_url,,"URL de cada fonte da linha, na mesma ordem de source_ids (igual a url_recurso da 07).",URL,07_dim_fontes,texto,0.0,4,https://dadosabertos.anm.gov.br/SCM/<arquivo>.csv — 13 arqui,
11_cons_empresa_ano_mineral,real,data_acesso,,"Data do arquivo local de cada fonte, na mesma ordem de source_ids (igual a data_arquivo_local da 07).",AAAA-MM-DD,07_dim_fontes,texto,0.0,3,2026-09-10; 2026-09-10; 2026-09-10,
11_cons_empresa_ano_mineral,real,periodo_referencia,,Ano da linha; 2026 é parcial (CFEM com registros até o início de agosto).,AAAA ou AAAA-MM,fonte da linha,texto,0.0,6,2025,
11_cons_empresa_ano_mineral,real,tipo_fonte,,"Tipo das fontes da linha (oficial, companhia, setorial, imprensa ou derivada), como na 07.",oficial,—,texto,0.0,1,oficial,
11_cons_empresa_ano_mineral,real,valor_observado_estimado,,"observado: somas de valores observados das fontes (linhas da 08), sem estimativa.",observado,Governança,texto,0.0,1,observado,
11_cons_empresa_ano_mineral,real,metodo_estimacao,,Método quando o valor não é observado; vazio nas linhas observadas.,texto,Governança,vazio,100.0,0,,coluna 100% vazia
11_cons_empresa_ano_mineral,real,status_validacao,,"valido, ou os alertas das linhas da 08 que entram na soma (alerta_processo_09c, quantidade_excluida_da_soma_09b, alerta_producao_repetida), separados por ';'.",valido; alerta_processo_09c; alerta_processo_09c; quantidade_excluida_da_soma_09b; quantidade_excluida_da_soma_09b,Governança,texto,0.0,4,valido,
11_cons_empresa_ano_mineral,real,responsavel_validacao,,"Quem validou: as checagens automáticas do pipeline, registradas na 14b.",texto,Governança,texto,0.0,1,Squad 1 / Estudante 1 — checagens automáticas do pipeline (v,
12_interface_squad1_squad2,real,mineral_id,sim,"Categoria do AMB. No nível operação, a CFEM dos subitens de Calcário (calcítico, dolomítico, industrial) entra em Calcário.",MIN_### (3 dígitos),Derivado — 01_dim_minerais / crosswalk 01b,texto,0.0,33,MIN_005,
12_interface_squad1_squad2,real,mineral_name,sim,Nome padronizado do mineral (campo fixado no Contrato de Dados).,texto,01_dim_minerais,texto,0.0,33,Alumínio (Bauxita),
12_interface_squad1_squad2,real,company_id,sim,Nível operação: titular do processo pela ponte do número do processo (igual à 08 e à 11). Vazio no nível estado.,"COM_CNPJ_########, COM_CPF_###########, COM_NOME_<8 hex>, COM_NAO_IDENTIFICADO","Derivado — Cadastro Mineiro (Titular, CPF/CNPJ)",texto,13.3,480,COM_CNPJ_61409892,
12_interface_squad1_squad2,real,operation_id,sim,"Nível operação, quando o processo tem poligonal no SIGMINE de GO (03_dim_operacoes). Vazio no nível estado.",OPE_<número>_<ano>,Derivado — SIGMINE.PROCESSO,texto,21.5,820,OPE_861979_2005,
12_interface_squad1_squad2,real,project_id,sim,Vazio: depende do Radar de Projetos (Squad 1 / Estudante 2).,PRJ_<número>_<ano>,Derivado — SIGMINE (camada ANM do Radar de Projetos),vazio,100.0,0,,coluna 100% vazia
12_interface_squad1_squad2,real,municipality_id,sim,"Nível operação: município principal do polígono (03); sem poligonal, o município com mais CFEM do processo no ano. Vazio no nível estado.",52##### (7 dígitos),IBGE — malha 2025 (CD_MUN),texto,13.3,177,5203203,
12_interface_squad1_squad2,real,year,sim,Ano (contrato): produção do AMB 2010–2025; abertura por operação só em 2022–2025 (anos com CFEM na base).,AAAA,—,inteiro,0.0,16,2010,
12_interface_squad1_squad2,real,production_t,sim,"Produção em t (contrato): OBSERVADA no nível estado (AMB, massa convertida para t) e ESTIMADA no nível operação (rateio pela CFEM).",t,—,decimal,0.0,5024,4160,
12_interface_squad1_squad2,real,production_basis,sim,"ROM (produção bruta) ou beneficiada — a mesma base do total rateado. O conteúdo mineral (contido) fica na 08, porque depende da indicação (Au, Nb2O5…).",ROM; beneficiada,Contrato de Dados / AMB,texto,0.0,2,ROM,
12_interface_squad1_squad2,real,latitude,sim,Latitude do representative_point do polígono do processo (03). Vazia no nível estado e em processos sem poligonal no SIGMINE.,"graus decimais, SIRGAS 2000",Derivado — geometria,decimal,21.5,814,-15.061306,
12_interface_squad1_squad2,real,longitude,sim,Longitude do representative_point do polígono do processo (03). Vazia no nível estado e em processos sem poligonal no SIGMINE.,"graus decimais, SIRGAS 2000",Derivado — geometria,decimal,21.5,816,-49.001115,
12_interface_squad1_squad2,real,source_id,sim,"Fontes de todos os valores da linha, separadas por ';' (a estimativa combina AMB, CFEM, Cadastro Mineiro, SIGMINE e malha do IBGE).",SRC_*,Governança,texto,0.0,10,SRC_ANM_PROD_BRUTA,
12_interface_squad1_squad2,real,nivel_agregacao,,estado = total observado de Goiás (AMB); operacao = abertura estimada desse total por processo. Não somar os dois níveis.,estado; operacao,Derivado,texto,0.0,2,estado,
12_interface_squad1_squad2,real,processo_anm,,Processo cuja CFEM define a participação no rateio (formato canônico) — identifica também processos sem poligonal (sem operation_id).,texto,SIGMINE.PROCESSO / CFEM (Processo + AnoDoProcesso),texto,13.3,932,861979/2005,
12_interface_squad1_squad2,real,valor_observado_estimado,,"observado, calculado, estimado ou benchmark (Contrato de Dados §1; Entrega Avaliativa §3).",observado; estimado,Governança,texto,0.0,2,observado,
12_interface_squad1_squad2,real,metodo_estimacao,,Preenchido nas linhas estimadas (nível operação): regra do rateio e suas premissas.,texto,Governança,texto,13.3,1,"Rateio da produção observada do AMB de Goiás (mesmo mineral,",
12_interface_squad1_squad2,real,erro_estimativa_intervalo,,Nível operação: faixa entre o rateio por R$ (production_t) e o rateio pela quantidade em t da CFEM (production_t_rateio_por_t).,texto/número,Método de estimação,texto,13.3,4423,"entre 731.837,603 e 885.400,052 t (rateio por R$ × rateio pe",
12_interface_squad1_squad2,real,participacao_cfem_brl,,Participação do processo na CFEM recolhida (R$) do mineral no ano em Goiás — a chave do rateio.,0 a 1,Derivado — 08 (cfem_recolhido),decimal,13.3,2236,0.4118220707891838,
12_interface_squad1_squad2,real,cfem_brl_operacao,,CFEM recolhida pelo processo no mineral e ano (numerador da participação).,R$ nominais,ANM CFEM (via 08),decimal,13.3,2246,1251627.28,
12_interface_squad1_squad2,real,cfem_brl_mineral_ano,,CFEM recolhida em Goiás no mineral e ano (denominador da participação).,R$ nominais,ANM CFEM (via 08),decimal,13.3,89,3039242.84,
12_interface_squad1_squad2,real,production_t_rateio_por_t,,Sensibilidade: o mesmo total rateado pela quantidade comercializada em t da CFEM. Distorcida pelos erros de quantidade da CFEM (09b/09c); vazia quando a CFEM do mineral no ano não tem quantidade em t.,t,Derivado — 08 (quantidade_comercializada_cfem),decimal,13.3,3932,885400.0522358875,
12_interface_squad1_squad2,real,status_validacao,,"Estado: valido ou alerta_producao_repetida (vem da 08). Operação: estimativa_conferida_no_total, ou estimativa_com_alerta_09c quando o processo está na 09c.",valido; estimativa_conferida_no_total; estimativa_com_alerta_09c; alerta_producao_repetida,Governança,texto,0.0,4,valido,
12_interface_squad1_squad2,real,responsavel_validacao,,Quem validou o valor.,texto,Governança,texto,0.0,1,Squad 1 / Estudante 1 — checagens automáticas do pipeline (v,
12_interface_squad1_squad2,real,periodo_referencia,,Ano de referência (AAAA).,AAAA ou AAAA-MM,fonte da linha,texto,0.0,16,2010,
12_interface_squad1_squad2,real,tipo_fonte,,Natureza da fonte (Entrega Avaliativa 1).,oficial,—,texto,0.0,1,oficial,
12_interface_squad1_squad2,real,source_url,,"URL de cada fonte, na mesma ordem de source_id (igual a url_recurso da 07).",URL,07_dim_fontes,texto,0.0,10,https://dadosabertos.anm.gov.br/AMB/Producao_Bruta.csv,
12_interface_squad1_squad2,real,data_acesso,,"Data do arquivo local de cada fonte, na mesma ordem de source_id (igual a data_arquivo_local da 07).",AAAA-MM-DD,07_dim_fontes,texto,0.0,5,2026-09-10,
12_interface_squad1_squad2,real,fato_ids,,"Linhas da 08 somadas no total do AMB (no nível operação, o total que foi rateado).",FATO_###### separados por ';',08_fato_producao_energia,texto,0.0,745,FATO_000600,
12_interface_squad1_squad2,real,observacao,,"Nota da linha: por que não há abertura, subitens somados, processo sem poligonal ou titular não identificado.",texto livre,—,texto,74.8,21,antes de 2022 não há CFEM na base para abrir por operação,
13_mapas_camadas,real,camada_id,,Identificador da camada de mapa.,CAM_##[_WEB_#|_TILES],—,texto,0.0,11,CAM_01,
13_mapas_camadas,real,nome_camada,,Nome da camada (= nome do arquivo/camada GPKG).,texto,—,texto,0.0,11,municipios_go,
13_mapas_camadas,real,descricao,,Descrição da camada.,texto,—,texto,0.0,11,Limites municipais oficiais + indicadores da Base 2,
13_mapas_camadas,real,tipo_geometria,,Tipo de geometria.,"MultiPolygon, Polygon; Point; Polygon (MVT)",—,texto,0.0,3,"MultiPolygon, Polygon",
13_mapas_camadas,real,n_feicoes,,Número de feições.,contagem,—,inteiro,0.0,10,246,
13_mapas_camadas,real,arquivo,,Caminho do arquivo web (GeoJSON ou PMTiles).,caminho relativo ao repositório,—,texto,0.0,11,outputs/mapas/municipios_go.geojson,renomeada de 'arquivo_geojson (web)' na v6
13_mapas_camadas,real,tamanho_mb,,Tamanho do arquivo.,MB,—,decimal,0.0,11,4.4,renomeada de 'tamanho_MB' na v6
13_mapas_camadas,real,camada_gpkg,,Camada correspondente no GeoPackage (resolução total).,texto,—,texto,0.0,7,outputs/mapas/minera_goias_mapas_v1.gpkg › municipios_go,renomeada de 'camada_gpkg (QGIS)' na v6
13_mapas_camadas,real,crs,,Sistema de referência de coordenadas.,texto,—,texto,0.0,3,GeoJSON: WGS 84 (RFC 7946) | GPKG: SIRGAS 2000 (EPSG:4674),
13_mapas_camadas,real,simplificacao_web,,Generalização aplicada à versão web.,texto,—,texto,0.0,6,"simplify 0.0005° (~56 m), só no GeoJSON",
13_mapas_camadas,real,chave_primaria,,Campo identificador da camada.,texto,—,texto,0.0,5,municipality_id,
13_mapas_camadas,real,chaves_de_juncao,,Como a camada se liga às abas da planilha.,texto,—,texto,0.0,8,"municipality_id → 05_dim_municipios, 10_cons_municipio_ano",
13_mapas_camadas,real,simbologia,,Simbologia recomendada.,texto,—,texto,0.0,7,"polígono neutro; coroplético opcional (CFEM, população)",
13_mapas_camadas,real,source_ids,sim,Fontes dos atributos da camada (IDs do catálogo 07).,SRC_* separados por ';' (IDs da aba 07),Governança,texto,0.0,5,SRC_IBGE_MALHA_2025; SRC_IBGE_POP; SRC_IBGE_PIB; SRC_ANM_CFE,
13_mapas_camadas,real,observacao,,Observação sobre a camada.,texto livre,—,texto,36.4,3,Derivada da CAM_02 (mesmos processos e chaves).,
13_mapas_camadas,real,source_url,,"URL de cada fonte da linha, na mesma ordem de source_ids (igual a url_recurso da 07).",URL,07_dim_fontes,texto,0.0,5,https://geoftp.ibge.gov.br/organizacao_do_territorio/malhas_,
13_mapas_camadas,real,data_acesso,,"Data do arquivo local de cada fonte, na mesma ordem de source_ids (igual a data_arquivo_local da 07).",AAAA-MM-DD,07_dim_fontes,texto,0.0,4,2026-09-10; 2026-08-27; 2026-08-27; 2026-09-10; 2026-09-10,
13_mapas_camadas,real,periodo_referencia,,"Período coberto por cada fonte da linha (da 07), na mesma ordem de source_ids.",AAAA ou AAAA-MM,fonte da linha,texto,0.0,5,arquivo de 2026-09-10; 2025; 2023; 2022-01 a 2026-08; arquiv,
13_mapas_camadas,real,tipo_fonte,,"Tipo das fontes da linha (oficial, companhia, setorial, imprensa ou derivada), como na 07.",oficial,—,texto,0.0,1,oficial,
13_mapas_camadas,real,valor_observado_estimado,,calculado: gerado pelo pipeline; o método está em metodo_estimacao.,calculado,Governança,texto,0.0,1,calculado,
13_mapas_camadas,real,metodo_estimacao,,Método quando o valor não é observado; vazio nas linhas observadas.,texto,Governança,texto,0.0,1,Camada gerada pelo pipeline a partir das abas de origem (ver,
13_mapas_camadas,real,status_validacao,,valido: passou nas checagens automáticas da 14b.,valido,Governança,texto,0.0,1,valido,
13_mapas_camadas,real,responsavel_validacao,,"Quem validou: as checagens automáticas do pipeline, registradas na 14b.",texto,Governança,texto,0.0,1,Squad 1 / Estudante 1 — checagens automáticas do pipeline (v,
13b_auditoria_mapas,auditoria,camada,,Camada de mapa verificada.,municipios_go; processos_minerarios_go; amostras_geoquimicas_sgb_go; ocorrencias_minerais_recmin; projetos_futuros,—,texto,0.0,5,municipios_go,
13b_auditoria_mapas,auditoria,verificacao,,Checagem realizada.,texto,—,texto,0.0,52,Ponto 'centro da caixa envolvente' (usado nas versões anteri,renomeada de 'verificação' na v6
13b_auditoria_mapas,auditoria,n,,Quantidade de itens envolvidos na checagem.,contagem,—,inteiro,0.0,20,20,
13b_auditoria_mapas,auditoria,resultado,,Resultado observado.,texto,—,texto,0.0,40,"Itajá, Santa Fé de Goiás, Aragarças, Pires do Rio, Goianira,",
13b_auditoria_mapas,auditoria,decisao,,Decisão tomada a partir do resultado.,texto,—,texto,0.0,23,Substituído por representative_point (garantido dentro do po,renomeada de 'decisão' na v6
